"site","family","species","species_code","life_form","variable_biomass_component","equation_grouping","equation_id","allometry_specificity","wsg","wsg_id"
"Lilly Dicky","Fabaceae","Robinia pseudoacacia","901","Tree","Stem + branches (live)","",NA,"Species","0.66",NA
"Lilly Dicky","Ulmaceae","Ulmus americana","972","Tree","Whole tree (above stump)","",NA,"Species","0.46",NA
"Lilly Dicky","Ulmaceae","Ulmus rubra","975","Tree","Whole tree (above stump)","",NA,"Species","0.48",NA
"Lilly Dicky","Oleaceae","Fraxinus americana","541","Tree","Whole tree (above stump)","",NA,"Species","0.51",NA
"Lilly Dicky","Oleaceae","Fraxinus pennsylvanica","544","Tree","Whole tree (above stump)","",NA,"Species","0.53",NA
"Lilly Dicky","Hamamelidaceae","Hamamelis virginiana","498","Shrub","Total aboveground biomass","",NA,"Species","0.71",NA
"Lilly Dicky","Cupressaceae","Juniperus virginiana","68","Tree","Whole tree (aboveground)","",NA,"Species","0.44",NA
"Lilly Dicky","Fagaceae","Fagus grandifolia","531","Tree","Stem + branches (live)","",NA,"Species ","0.56",NA
"Lilly Dicky","Fagaceae","Quercus alba","802","Tree","Stem + branches (live)","",NA,"Species","0.6",NA
"Lilly Dicky","Fagaceae","Quercus coccinea","806","Tree","Stem + branches (live)","",NA,"Species","0.6",NA
"Lilly Dicky","Fagaceae","Quercus prinus","832","Tree","Stem + branches (live)","",NA,"Species","0.57",NA
"Lilly Dicky","Fagaceae","Quercus rubra","833","Tree","Stem + branches (live)","",NA,"Species","0.56",NA
"Lilly Dicky","Fagaceae","Quercus velutina","837","Tree","Whole tree (above stump)","",NA,"Species","0.56",NA
"Lilly Dicky","Juglandaceae","Carya ovata","407","Tree","Stem + branches (live)","",NA,"Species","0.62",NA
"Lilly Dicky","Malvaceae","Tilia americana","951","Tree","Stem + branches (live)","",NA,"Species","0.32",NA
"Lilly Dicky","Rosaceae","Amelanchier arborea","356","Tree","Stem (wood + bark)","",NA,"Genus","0.66",NA
"Lilly Dicky","Anacardiaceae","Rhus typhina","899","Shrub","Total aboveground biomass","G",NA,"Mixed hardwood","0.5",NA
"Lilly Dicky","Annonaceae","Asimina triloba","367","Tree","Total aboveground biomass","G",NA,"Mixed hardwood","0.47",NA
"Lilly Dicky","Betulaceae","Carpinus caroliniana","391","Tree","Total aboveground biomass","G",NA,"Mixed hardwood","0.58",NA
"Lilly Dicky","Cannabaceae","Celtis occidentalis","462","Tree","Total aboveground biomass","G",NA,"Mixed hardwood","0.49",NA
"Lilly Dicky","Fabaceae","Cercis canadensis","471","Tree","Total aboveground biomass","G",NA,"Family","0.63",NA
"Lilly Dicky","Lauraceae","Lindera benzoin","609","Shrub","Total aboveground biomass","G",NA,"Family","0.5",NA
"Lilly Dicky","Paulowniaceae","Paulownia tomentosa","712","Tree","Total aboveground biomass","G",NA,"Mixed hardwood","0.38",NA
"Lilly Dicky","Rosaceae","Crataegus sp.","500","Shrub","Total aboveground biomass","G",NA,"Family","0.62",NA
"Lilly Dicky","Betulaceae","Ostrya virginiana","701","Tree","Stem + branches (live)","",NA,"Species","0.63",NA
"Lilly Dicky","Betulaceae","Ostrya virginiana","701","Tree","Foliage total","",NA,"Species","0.63",NA
"Lilly Dicky","Cornaceae","Cornus florida","491","Tree","Whole tree (aboveground)","",NA,"Species","0.64",NA
"Lilly Dicky","Fagaceae","Quercus velutina","837","Tree","Whole tree (aboveground)","",NA,"Species","0.56",NA
"Lilly Dicky","Juglandaceae","Carya alba","409","Tree","Whole tree (aboveground)","",NA,"Genus","0.62",NA
"Lilly Dicky","Juglandaceae","Carya cordiformis","402","Tree","Whole tree (aboveground)","",NA,"Genus","0.6",NA
"Lilly Dicky","Juglandaceae","Carya glabra","403","Tree","Whole tree (aboveground)","",NA,"Genus","0.66",NA
"Lilly Dicky","Lauraceae","Sassafras albidum","931","Tree","Whole tree (above stump)","",NA,"Species","0.42",NA
"Lilly Dicky","Magnoliaceae","Liriodendron tulipifera","621","Tree","Whole tree (aboveground)","",NA,"Species","0.4",NA
"Lilly Dicky","Nyssaceae","Nyssa sylvatica","693","Tree","Whole tree (aboveground)","",NA,"Species","0.46",NA
"Lilly Dicky","Oleaceae","Fraxinus americana","541","Tree","Whole tree (above stump)","",NA,"Species","0.51",NA
"Lilly Dicky","Rosaceae","Amelanchier arborea","356","Tree","Branches total (live + dead)","",NA,"Genus","0.66",NA
"Lilly Dicky","Rosaceae","Amelanchier arborea","356","Tree","Foliage total","",NA,"Genus","0.66",NA
"Lilly Dicky","Rosaceae","Prunus serotina","762","Tree","Whole tree (aboveground)","",NA,"Species","0.47",NA
"Lilly Dicky","Sapindaceae","Acer rubrum","316","Tree","Whole tree (aboveground)","",NA,"Species","0.49",NA
"Lilly Dicky","Sapindaceae","Acer saccharum","318","Tree","Whole tree (aboveground)","",NA,"Species","0.56",NA
"SCBI","Cornaceae","Cornus alternifolia","coal","Tree","Whole tree (aboveground)","",NA,"Species","0.64",NA
"SCBI","Cornaceae","Cornus florida","cofl","Tree","Whole tree (aboveground)","",NA,"Species","0.64",NA
"SCBI","Fabaceae","Robinia pseudoacacia","rops","Tree","Stem + branches (live)","",NA,"Species","0.66",NA
"SCBI","Fagaceae","Quercus falcata","qufa","Tree","Whole tree (above stump)","",NA,"Species","0.52",NA
"SCBI","Fagaceae","Quercus falcata","qufa","Tree","Whole tree (above stump)","",NA,"Species","0.52",NA
"SCBI","Nyssaceae","Nyssa sylvatica","nysy","Tree","Stem + branches (live)","",NA,"Species","0.46",NA
"SCBI","Platanaceae","Platanus occidentalis","ploc","Tree","Stem + branches (live)","",NA,"Species","0.46",NA
"SCBI","Ulmaceae","Ulmus americana","ulam","Tree","Whole tree (above stump)","",NA,"Genus","0.46",NA
"SCBI","Ulmaceae","Ulmus rubra","ulru","Tree","Stem + branches (live)","",NA,"Genus","0.48",NA
"SCBI","Adoxaceae","Viburnum acerifolium","viac","Shrub","Total aboveground biomass","",NA,"Species","0.83",NA
"SCBI","Adoxaceae","Viburnum prunifolium","vipr","Shrub","Total aboveground biomass","",NA,"Species","0.83",NA
"SCBI","Adoxaceae","Viburnum recognitum","vire","Shrub","Total aboveground biomass","",NA,"Species","0.83",NA
"SCBI","Caprifoliaceae","Lonicera maackii","loma","Shrub","Total aboveground biomass","",NA,"Species","NRA",NA
"SCBI","Hamamelidaceae","Hamamelis virginiana","havi","Shrub","Total aboveground biomass","",NA,"Species","0.71",NA
"SCBI","Rosaceae","Rosa multiflora","romu","Shrub","Total aboveground biomass","",NA,"Genus","NRA",NA
"SCBI","Rosaceae","Rubus allegheniensis","rual","Shrub","Total aboveground biomass","",NA,"Species","NRA",NA
"SCBI","Rosaceae","Rubus pensilvanicus","rupe","Shrub","Total aboveground biomass","",NA,"Species","NRA",NA
"SCBI","Rosaceae","Rubus phoenicolasius","ruph","Shrub","Total aboveground biomass","",NA,"Species","NRA",NA
"SCBI","Fagaceae","Fagus grandifolia","fagr","Tree","Stem + branches (live)","",NA,"Species ","0.56",NA
"SCBI","Fagaceae","Quercus alba","qual","Tree","Stem + branches (live)","",NA,"Species","0.6",NA
"SCBI","Fagaceae","Quercus coccinea","quco","Tree","Stem + branches (live)","",NA,"Species","0.6",NA
"SCBI","Fagaceae","Quercus michauxii","qumi","Tree","Stem + branches (live)","",NA,"Species","0.6",NA
"SCBI","Fagaceae","Quercus montana","qupr","Tree","Stem + branches (live)","",NA,"Species","0.57",NA
"SCBI","Fagaceae","Quercus muehlenbergii","qumu","Tree","Stem + branches (live)","",NA,"Species","0.6",NA
"SCBI","Fagaceae","Quercus rubra","quru","Tree","Stem + branches (live)","",NA,"Species","0.56",NA
"SCBI","Fagaceae","Quercus velutina","quve","Tree","Whole tree (above stump)","",NA,"Species","0.56",NA
"SCBI","Juglandaceae","Carya cordiformis","caco","Tree","Stem + branches (live)","",NA,"Genus","0.6",NA
"SCBI","Juglandaceae","Carya glabra","cagl","Tree","Stem + branches (live)","",NA,"Genus","0.66",NA
"SCBI","Juglandaceae","Carya ovalis","caovl","Tree","Stem + branches (live)","",NA,"Genus","0.62",NA
"SCBI","Juglandaceae","Carya tomentosa","cato","Tree","Stem + branches (live)","",NA,"Genus","0.64",NA
"SCBI","Magnoliaceae","Liriodendron tulipifera","litu","Tree","Stem + branches (live)","",NA,"Species","0.4",NA
"SCBI","Malvaceae","Tilia americana","tiam","Tree","Stem + branches (live)","",NA,"Species","0.32",NA
"SCBI","Oleaceae","Fraxinus americana","fram","Tree","Stem + branches (live)","",NA,"Species","0.51",NA
"SCBI","Oleaceae","Fraxinus nigra","frni","Tree","Total aboveground biomass","",NA,"Species","0.45",NA
"SCBI","Oleaceae","Fraxinus pennsylvanica","frpe","Tree","Total aboveground biomass","",NA,"Species","0.53",NA
"SCBI","Rosaceae","Prunus avium","prav","Tree","Stem + branches (live)","",NA,"Species","0.47",NA
"SCBI","Rosaceae","Prunus persica","prpe","Tree","Stem + branches (live)","",NA,"Species","0.47",NA
"SCBI","Rosaceae","Prunus serotina","prse","Tree","Stem + branches (live)","",NA,"Species","0.47",NA
"SCBI","Rosaceae","Amelanchier arborea","amar","Tree","Stem (wood + bark)","",NA,"Genus","0.66",NA
"SCBI","Aceraceae","Acer negundo","acne","Tree","Total aboveground biomass","G",NA,"Family","0.44",NA
"SCBI","Aceraceae","Acer platanoides","acpl","Tree","Total aboveground biomass","G",NA,"Family","0.44",NA
"SCBI","Aceraceae","Acer rubrum","acru","Tree","Whole tree (aboveground)","",NA,"Species","0.49",NA
"SCBI","Adoxaceae","Sambucus canadensis","saca","Shrub","Total aboveground biomass","G",NA,"Mixed hardwood","0.5",NA
"SCBI","Annonaceae","Asimina triloba","astr","Tree","Total aboveground biomass","G",NA,"Mixed hardwood","0.47",NA
"SCBI","Aquifoliaceae","Ilex verticillata","ilve","Shrub","Total aboveground biomass","G",NA,"Family","0.5",NA
"SCBI","Berberidaceae","Berberis thunbergii","beth","Shrub","Total aboveground biomass","G",NA,"Mixed hardwood","0.5",NA
"SCBI","Betulaceae","Carpinus caroliniana","caca","Tree","Total aboveground biomass","G",NA,"Mixed hardwood","0.58",NA
"SCBI","Betulaceae","Corylus americana","coam","Shrub","Total aboveground biomass","G",NA,"Mixed hardwood","0.5",NA
"SCBI","Cannabaceae","Celtis occidentalis","ceoc","Tree","Total aboveground biomass","G",NA,"Mixed hardwood","0.49",NA
"SCBI","Celastraceae","Euonymus alatus","eual","Shrub","Total aboveground biomass","G",NA,"Mixed hardwood","0.5",NA
"SCBI","Ebenaceae","Diospyros virginiana","divi","Tree","Total aboveground biomass","G",NA,"Mixed hardwood","0.64",NA
"SCBI","Elaeagnaceae","Elaeagnus umbellata","elum","Shrub","Total aboveground biomass","G",NA,"Mixed hardwood","0.5",NA
"SCBI","Fabaceae","Cercis canadensis","ceca","Tree","Total aboveground biomass","G",NA,"Family","0.63",NA
"SCBI","Fagaceae","Castanea dentata","cade","Tree","Total aboveground biomass","G",NA,"Family","0.4",NA
"SCBI","Juglandaceae","Juglans cinerea","juci","Tree","Total aboveground biomass","G",NA,"Family","0.36",NA
"SCBI","Juglandaceae","Juglans nigra","juni","Tree","Total aboveground biomass","G",NA,"Family","0.51",NA
"SCBI","Lauraceae","Lindera benzoin","libe","Shrub","Total aboveground biomass","G",NA,"Family","0.5",NA
"SCBI","Oleaceae","Chionanthus virginicus","chvi","Shrub","Total aboveground biomass","G",NA,"Mixed hardwood","0.5",NA
"SCBI","Paulowniaceae","Paulownia tomentosa","pato","Tree","Total aboveground biomass","G",NA,"Mixed hardwood","0.38",NA
"SCBI","Pinaceae","Pinus pungens","pipu","Tree","Whole tree (aboveground)","",NA,"Species","0.49",NA
"SCBI","Pinaceae","Pinus strobus","pist","Tree","Whole tree (aboveground)","",NA,"Species","0.34",NA
"SCBI","Rosaceae","Crataegus pruinosa","crpr","Shrub","Total aboveground biomass","G",NA,"Family","0.62",NA
"SCBI","Simaroubaceae","Ailanthus altissima","aial","Tree","Total aboveground biomass","G",NA,"Mixed hardwood","0.33",NA
"SCBI","Lauraceae","Sassafras albidum","saal","Tree","Whole tree (above stump)","",NA,"Species","0.42",NA
"SCBI","Pinaceae","Pinus virginiana","pivi","Tree","Whole tree (aboveground)","",NA,"Species","0.45",NA
"SCBI","Rosaceae","Amelanchier arborea","amar","Tree","Branches total (live + dead)","",NA,"Genus","0.66",NA
"SCBI","Rosaceae","Amelanchier arborea","amar","Tree","Foliage total","",NA,"Genus","0.66",NA
"SERC","Lauraceae","Sassafras albidum","SAAL5","Tree","Whole tree (above stump)","",NA,"Species","0.42",NA
"SERC","Juglandaceae","Carya cordiformis","CACO15","Tree","Whole tree (aboveground)","",NA,"Genus","0.6",NA
"SERC","Juglandaceae","Carya glabra","CAGL8","Tree","Whole tree (aboveground)","",NA,"Genus","0.66",NA
"SERC","Juglandaceae","Carya sp.","CARYA","Tree","Whole tree (aboveground)","",NA,"Genus","0.62",NA
"SERC","Altingiaceae","Liquidambar styraciflua","LIST2","Tree","Whole tree (above stump)","",NA,"Species","0.46",NA
"SERC","Cornaceae","Cornus florida","COFL2","Tree","Whole tree (aboveground)","",NA,"Species","0.64",NA
"SERC","Fagaceae","Quercus falcata","QUFA","Tree","Whole tree (above stump)","",NA,"Species","0.52",NA
"SERC","Fagaceae","Quercus falcata","QUFA","Tree","Whole tree (above stump)","",NA,"Species","0.52",NA
"SERC","Fagaceae","Quercus stellata","QUST","Tree","Whole tree (aboveground)","",NA,"Species","0.6",NA
"SERC","Nyssaceae","Nyssa sylvatica","NYSY","Tree","Whole tree (aboveground)","",NA,"Species","0.46",NA
"SERC","Oleaceae","Fraxinus pennsylvanica","FRPE","Tree","Whole tree (above stump)","",NA,"Species","0.53",NA
"SERC","Platanaceae","Platanus occidentalis","PLOC","Tree","Whole tree (above stump)","",NA,"Species","0.46",NA
"SERC","Platanaceae","Platanus occidentalis","PLOC","Tree","Whole tree (above stump)","",NA,"Species","0.46",NA
"SERC","Ulmaceae","Ulmus americana","ULAM","Tree","Whole tree (above stump)","",NA,"Genus","0.46",NA
"SERC","Ulmaceae","Ulmus rubra","ULRU","Tree","Stem + branches (live)","",NA,"Genus","0.48",NA
"SERC","Malvaceae","Tilia americana","TIAM","Tree","Stem + branches (live)","",NA,"Species","0.32",NA
"SERC","Oleaceae","Fraxinus americana","FRAM2","Tree","Whole tree (above stump)","",NA,"Species","0.51",NA
"SERC","Adoxaceae","Viburnum acerifolium","VIAC","Shrub","Total aboveground biomass","",NA,"Species","0.83",NA
"SERC","Adoxaceae","Viburnum dentatum","VIDE","Shrub","Total aboveground biomass","",NA,"Species","0.83",NA
"SERC","Adoxaceae","Viburnum prunifolium","VIPR","Shrub","Total aboveground biomass","",NA,"Species","0.83",NA
"SERC","Caprifoliaceae","Lonicera maackii","LOMA6","Shrub","Total aboveground biomass","",NA,"Species","NRA",NA
"SERC","Rosaceae","Rosa multiflora","ROMU","Shrub","Total aboveground biomass","",NA,"Genus","NRA",NA
"SERC","Cupressaceae","Juniperus virginiana","JUVI","Tree","Whole tree (aboveground)","",NA,"Species","0.44",NA
"SERC","Fagaceae","Quercus michauxii","QUMI","Tree","Stem + branches (live)","",NA,"Species","0.6",NA
"SERC","Rosaceae","Amelanchier arborea","AMAR3","Tree","Stem (wood + bark)","",NA,"Genus","0.66",NA
"SERC","Rosaceae","Amelanchier canadensis","AMCA4","Tree","Stem (wood + bark)","",NA,"Genus","0.66",NA
"SERC","Aceraceae","Acer negundo","ACNE2","Tree","Total aboveground biomass","G",NA,"Family","0.44",NA
"SERC","Aceraceae","Acer rubrum","ACRU","Tree","Whole tree (aboveground)","",NA,"Species","0.49",NA
"SERC","Adoxaceae","Sambucus nigra","SANIC4","Shrub","Total aboveground biomass","G",NA,"Mixed hardwood","0.5",NA
"SERC","Anacardiaceae","Rhus typhina","RHTY","Shrub","Total aboveground biomass","G",NA,"Mixed hardwood","0.5",NA
"SERC","Annonaceae","Asimina triloba","ASTR","Tree","Total aboveground biomass","G",NA,"Mixed hardwood","0.47",NA
"SERC","Aquifoliaceae","Ilex opaca","ILOP","Shrub","Total aboveground biomass","G",NA,"Family","0.5",NA
"SERC","Aquifoliaceae","Ilex verticillata","ILVE","Shrub","Total aboveground biomass","G",NA,"Family","0.5",NA
"SERC","Araliaceae","Aralia spinosa","ARSP2","Shrub","Total aboveground biomass","G",NA,"Mixed hardwood","0.5",NA
"SERC","Betulaceae","Carpinus caroliniana","CACA18","Tree","Total aboveground biomass","G",NA,"Mixed hardwood","0.58",NA
"SERC","Cannabaceae","Celtis occidentalis","CEOC","Tree","Total aboveground biomass","G",NA,"Mixed hardwood","0.49",NA
"SERC","Elaeagnaceae","Elaeagnus angustifolia","ELAN","Shrub","Total aboveground biomass","G",NA,"Mixed hardwood","0.5",NA
"SERC","Elaeagnaceae","Elaeagnus umbellata","ELUM","Shrub","Total aboveground biomass","G",NA,"Mixed hardwood","0.5",NA
"SERC","Ericaceae","Kalmia latifolia","KALA","Shrub","Total aboveground biomass","G",NA,"Family","0.5",NA
"SERC","Ericaceae","Rhododendron arborescens","RHAR3","Shrub","Total aboveground biomass","G",NA,"Family","0.5",NA
"SERC","Ericaceae","Vaccinium corymbosum","VACO","Shrub","Total aboveground biomass","G",NA,"Family","0.47",NA
"SERC","Ericaceae","Vaccinium sp.","VACCI","Shrub","Total aboveground biomass","G",NA,"Family","0.47",NA
"SERC","Fabaceae","Albizia julibrissin","ALJU","Tree","Total aboveground biomass","G",NA,"Family","0.57",NA
"SERC","Fabaceae","Cercis canadensis","CECA4","Tree","Total aboveground biomass","G",NA,"Family","0.63",NA
"SERC","Fagaceae","Quercus palustris","QUPA2","Tree","Whole tree (aboveground)","",NA,"Species","0.58",NA
"SERC","Fagaceae","Quercus rubra","QURU","Tree","Whole tree (aboveground)","",NA,"Species","0.56",NA
"SERC","Fagaceae","Quercus sp.","QUERC","Tree","Total aboveground biomass","G",NA,"Family","0.59",NA
"SERC","Fagaceae","Quercus velutina","QUVE","Tree","Whole tree (above stump)","",NA,"Species","0.56",NA
"SERC","Juglandaceae","Juglans nigra","JUNI","Tree","Total aboveground biomass","G",NA,"Family","0.51",NA
"SERC","Lauraceae","Lindera benzoin","LIBE3","Shrub","Total aboveground biomass","G",NA,"Family","0.5",NA
"SERC","Moraceae","Broussonetia papyrifera","BRPA4","Tree","Total aboveground biomass","G",NA,"Mixed hardwood","0.59",NA
"SERC","Moraceae","Morus rubra","MORU2","Tree","Total aboveground biomass","G",NA,"Mixed hardwood","0.59",NA
"SERC","Oleaceae","Ligustrum sp.","LIGUS2","Shrub","Total aboveground biomass","G",NA,"Mixed hardwood","0.5",NA
"SERC","Rubiaceae","Cephalanthus occidentalis","CEOC2","Shrub","Total aboveground biomass","G",NA,"Mixed hardwood","0.5",NA
"SERC","Salicaceae","Salix nigra","SANI","Shrub","Total aboveground biomass","G",NA,"Family","0.36",NA
"SERC","Scrophulariaceae","Paulownia tomentosa","PATO2","Tree","Total aboveground biomass","G",NA,"Mixed hardwood","0.38",NA
"SERC","Simaroubaceae","Ailanthus altissima","AIAL","Tree","Total aboveground biomass","G",NA,"Mixed hardwood","0.33",NA
"SERC","Fagaceae","Fagus grandifolia","FAGR","Tree","Whole tree (aboveground)","",NA,"Species","0.56",NA
"SERC","Fagaceae","Quercus alba","QUAL","Tree","Whole tree (aboveground)","",NA,"Species","0.6",NA
"SERC","Fagaceae","Quercus coccinea","QUCO2","Tree","Whole tree (aboveground)","",NA,"Species","0.6",NA
"SERC","Fagaceae","Quercus montana","QUMO4","Tree","Whole tree (aboveground)","",NA,"Species","0.57",NA
"SERC","Juglandaceae","Carya alba","CAAL27","Tree","Whole tree (aboveground)","",NA,"Genus","0.62",NA
"SERC","Magnoliaceae","Liriodendron tulipifera","LITU","Tree","Whole tree (aboveground)","",NA,"Species","0.4",NA
"SERC","Pinaceae","Pinus taeda","PITA","Tree","Whole tree (aboveground)","",NA,"Species","0.47",NA
"SERC","Pinaceae","Pinus virginiana","PIVI2","Tree","Whole tree (aboveground)","",NA,"Species","0.45",NA
"SERC","Rosaceae","Amelanchier arborea","AMAR3","Tree","Branches total (live + dead)","",NA,"Genus","0.66",NA
"SERC","Rosaceae","Amelanchier arborea","AMAR3","Tree","Foliage total","",NA,"Genus","0.66",NA
"SERC","Rosaceae","Amelanchier canadensis","AMCA4","Tree","Branches total (live + dead)","",NA,"Genus","0.66",NA
"SERC","Rosaceae","Amelanchier canadensis","AMCA4","Tree","Foliage total","",NA,"Genus","0.66",NA
"SERC","Rosaceae","Prunus avium","PRAV","Tree","Whole tree (aboveground)","",NA,"Species","0.47",NA
"SERC","Rosaceae","Prunus serotina","PRSE2","Tree","Whole tree (aboveground)","",NA,"Species","0.47",NA
"SERC","Salicaceae","Populus grandidentata","POGR4","Tree","Whole tree (aboveground)","",NA,"Species","0.36",NA
"Tyson","Lauraceae","Sassafras albidum","sasalb","Tree","Whole tree (above stump)","",NA,"Species","0.42",NA
"Tyson","Platanaceae","Platanus occidentalis","plaocc","Tree","Whole tree (above stump)","",NA,"Species","0.46",NA
"Tyson","Ulmaceae","Ulmus rubra","ulmrub","Tree","Whole tree (above stump)","",NA,"Species","0.46",NA
"Tyson","Oleaceae","Fraxinus americana","fraame","Tree","Whole tree (above stump)","",NA,"Species","0.51",NA
"Tyson","Caprifoliaceae","Lonicera maackii","lonmaa","Shrub","Total aboveground biomass","",NA,"Species","NRA",NA
"Tyson","Cupressaceae","Juniperus virginiana","junvir","Tree","Whole tree (aboveground)","",NA,"Species","0.44",NA
"Tyson","Fagaceae","Quercus alba","quealb","Tree","Stem + branches (live)","",NA,"Species","0.6",NA
"Tyson","Fagaceae","Quercus marilandica","quemar","Tree","Stem + branches (live)","",NA,"Species","0.56",NA
"Tyson","Fagaceae","Quercus muehlenbergii","quemue","Tree","Stem + branches (live)","",NA,"Species","0.6",NA
"Tyson","Fagaceae","Quercus rubra","querub","Tree","Stem + branches (live)","",NA,"Species","0.56",NA
"Tyson","Fagaceae","Quercus sp.","quesp","Tree","Stem + branches (live)","",NA,"Species","0.6",NA
"Tyson","Fagaceae","Quercus stellata","queste","Tree","Stem + branches (live)","",NA,"Species","0.6",NA
"Tyson","Fagaceae","Quercus velutina","quevel","Tree","Whole tree (above stump)","",NA,"Species","0.56",NA
"Tyson","Juglandaceae","Carya ovata","carova","Tree","Stem + branches (live)","",NA,"Species","0.62",NA
"Tyson","Malvaceae","Tilia americana","tilame","Tree","Stem + branches (live)","",NA,"Species","0.32",NA
"Tyson","Rosaceae","Amelanchier arborea","amearb","Tree","Stem (wood + bark)","",NA,"Genus","0.66",NA
"Tyson","Annonaceae","Asimina triloba","asitri","Tree","Total aboveground biomass","G",NA,"Mixed hardwood","0.47",NA
"Tyson","Cannabaceae","Celtis occidentalis","celocc","Tree","Total aboveground biomass","G",NA,"Mixed hardwood","0.49",NA
"Tyson","Cannabaceae","Celtis tenuifolia","celten","Tree","Total aboveground biomass","G",NA,"Mixed hardwood","0.49",NA
"Tyson","Ebenaceae","Diospyros virginiana","diovir","Tree","Total aboveground biomass","G",NA,"Mixed hardwood","0.64",NA
"Tyson","Fabaceae","Cercis canadensis","cercan","Tree","Total aboveground biomass","G",NA,"Family","0.63",NA
"Tyson","Fabaceae","Gleditsia triacanthos","gletri","Tree","Total aboveground biomass","G",NA,"Family","0.6",NA
"Tyson","Juglandaceae","Juglans nigra","jugnig","Tree","Total aboveground biomass","G",NA,"Family","0.51",NA
"Tyson","Lauraceae","Lindera benzoin","linben","Shrub","Total aboveground biomass","G",NA,"Family","0.5",NA
"Tyson","Moraceae","Morus rubra","morrub","Tree","Total aboveground biomass","G",NA,"Mixed hardwood","0.59",NA
"Tyson","Rhamnaceae","Frangula caroliniana","fracar","Tree","Total aboveground biomass","G",NA,"Mixed hardwood","0.54",NA
"Tyson","Rosaceae","Crataegus sp.","crasp","Shrub","Total aboveground biomass","G",NA,"Family","0.62",NA
"Tyson","Rosaceae","Malus ioensis","malioe","Shrub","Total aboveground biomass","G",NA,"Family","0.61",NA
"Tyson","Sapindaceae","Acer negundo","aceneg","Tree","Total aboveground biomass","G",NA,"Family","0.44",NA
"Tyson","Sapotaceae","Sideroxylon lanuginosum","sidlan","Shrub","Total aboveground biomass","G",NA,"Mixed hardwood","unk",NA
"Tyson","Simaroubaceae","Ailanthus altissima","ailalt","Tree","Total aboveground biomass","G",NA,"Mixed hardwood","0.33",NA
"Tyson","Betulaceae","Ostrya virginiana","ostvir","Tree","Stem + branches (live)","",NA,"Species","0.63",NA
"Tyson","Betulaceae","Ostrya virginiana","ostvir","Tree","Foliage total","",NA,"Species","0.63",NA
"Tyson","Cornaceae","Cornus drummondii","cordru","Tree","Whole tree (aboveground)","",NA,"Species","0.64",NA
"Tyson","Cornaceae","Cornus florida","corflo","Tree","Whole tree (aboveground)","",NA,"Species","0.64",NA
"Tyson","Fagaceae","Quercus velutina","quevel","Tree","Whole tree (aboveground)","",NA,"Species","0.56",NA
"Tyson","Juglandaceae","Carya cordiformis","carcor","Tree","Whole tree (aboveground)","",NA,"Genus","0.6",NA
"Tyson","Juglandaceae","Carya glabra","cargla","Tree","Whole tree (aboveground)","",NA,"Genus","0.66",NA
"Tyson","Juglandaceae","Carya sp.","carsp","Tree","Whole tree (aboveground)","",NA,"Genus","0.62",NA
"Tyson","Juglandaceae","Carya texana","cartex","Tree","Whole tree (aboveground)","",NA,"Genus","0.54",NA
"Tyson","Juglandaceae","Carya tomentosa","cartom","Tree","Whole tree (aboveground)","",NA,"Genus","0.64",NA
"Tyson","Oleaceae","Fraxinus americana","fraame","Tree","Whole tree (above stump)","",NA,"Species","0.51",NA
"Tyson","Rosaceae","Amelanchier arborea","amearb","Tree","Branches total (live + dead)","",NA,"Genus","0.66",NA
"Tyson","Rosaceae","Amelanchier arborea","amearb","Tree","Foliage total","",NA,"Genus","0.66",NA
"Tyson","Rosaceae","Prunus americana","pruame","Tree","Whole tree (aboveground)","",NA,"Species","0.47",NA
"Tyson","Rosaceae","Prunus serotina","pruser","Tree","Whole tree (aboveground)","",NA,"Species","0.47",NA
"Tyson","Rosaceae","Prunus sp.","prusp","Tree","Whole tree (aboveground)","",NA,"Species","0.47",NA
"Tyson","Sapindaceae","Acer rubrum","acerub","Tree","Whole tree (aboveground)","",NA,"Species","0.49",NA
"Tyson","Sapindaceae","Acer saccharum","acesac","Tree","Whole tree (aboveground)","",NA,"Species","0.56",NA
"UCSC","Asteraceae","Baccharis pilularis","BACCPI","Shrub","Total aboveground biomass","",NA,"genus","NRA",NA
"UCSC","Ericaceae","Arctostaphylos andersonii","ARCTAN","Shrub","Total aboveground biomass","E",NA,"Species ","0.72",NA
"UCSC","Ericaceae","Arctostaphylos tomentosa","ARCTCR","Shrub","Total aboveground biomass","E",NA,"Species","0.72",NA
"UCSC","Lauraceae","Umbellularia californica","UMBECA","Tree","Total aboveground biomass","E",NA,"Species","0.47",NA
"UCSC","Pinaceae","Pseudotsuga menziesii","PSEUME","Tree","Whole tree (above stump)","",NA,"Species","0.45",NA
"UCSC","Adoxaceae","Sambucus nigra","SAMBNI","Shrub","Total aboveground biomass","G",NA,"Mixed hardwood","0.5",NA
"UCSC","Aquifoliaceae","Ilex aquifolium","ILEXAQ","Shrub","Total aboveground biomass","G",NA,"Family","0.5",NA
"UCSC","Betulaceae","Corylus cornuta","CORYCO","Shrub","Total aboveground biomass","G",NA,"Mixed hardwood","0.5",NA
"UCSC","Cupressaceae","Sequoia sempervirens","SEQUSE","Tree","Total aboveground biomass","G",NA,"Family","0.36",NA
"UCSC","Fagaceae","Quercus agrifolia","QUERAG","Tree","Total aboveground biomass","G",NA,"Family","0.6",NA
"UCSC","Fagaceae","Quercus parvula","QUERPA","Tree","Total aboveground biomass","G",NA,"Family","0.59",NA
"UCSC","Myricaceae","Morella californica","MORECA","Shrub","Total aboveground biomass","G",NA,"Mixed hardwood","0.5",NA
"UCSC","Rhamnaceae","Rhamnus californica","RHAMCA","Shrub","Total aboveground biomass","G",NA,"Mixed hardwood","0.5",NA
"UCSC","Rosaceae","Cotoneaster franchetii","COTOFR","Shrub","Total aboveground biomass","G",NA,"Family","0.5",NA
"UCSC","Rosaceae","Cotoneaster pannosus","COTOPA","Shrub","Total aboveground biomass","G",NA,"Family","0.5",NA
"UCSC","Rosaceae","Crataegus monogyna","CRATMO","Shrub","Total aboveground biomass","G",NA,"Family","0.62",NA
"UCSC","Rosaceae","Heteromeles arbutifolia","HETEAR","Shrub","Total aboveground biomass","G",NA,"Family","0.5",NA
"UCSC","Rosaceae","Pyracantha angustifolia","PYRAAN","Shrub","Total aboveground biomass","G",NA,"Family","0.5",NA
"UCSC","Salicaceae","Salix lasiandra","SALILA","Shrub","Total aboveground biomass","G",NA,"Family","0.36",NA
"UCSC","Sapindaceae","Acer macrophyllum","ACERMA","Tree","Total aboveground biomass","G",NA,"Family","0.44",NA
"UCSC","Ericaceae","Arbutus menziesii","ARBUME","Tree","Live crown","",NA,"Species","0.58",NA
"UCSC","Ericaceae","Arbutus menziesii","ARBUME","Tree","Dead crown","",NA,"Species","0.58",NA
"UCSC","Fagaceae","Lithocarpus densiflorus","LITHDE","Tree","Live crown","",NA,"Species","0.56",NA
"UCSC","Fagaceae","Lithocarpus densiflorus","LITHDE","Tree","Dead crown","",NA,"Species","0.56",NA
"UCSC","Fagaceae","Lithocarpus densiflorus","LITHDE","Tree","Bole","",NA,"Species","0.56",NA
"UCSC","Ericaceae","Arbutus menziesii","ARBUME","Tree","Bole","",NA,"Species","0.58",NA
"UCSC","Ericaceae","Vaccinium ovatum","VACCOV","Shrub","Total aboveground biomass (wood and bark)","",NA,"Species","0.47",NA
"UCSC","Rhamnaceae","Ceanothus thyrsiflorus","CEANTH","Shrub","Total aboveground biomass","",NA,"Species","0.67",NA
"UCSC","Grossulariaceae","Ribes divaricatum","RIBEDI","Shrub","Total aboveground biomass","",NA,"Genus","0.73",NA
"UCSC","Myrtaceae","Eucalyptus globulus","EUCAGL","Tree","Total aboveground biomass","",NA,"Species","0.68",NA
"UCSC","Pinaceae","Pinus attenuata","PINUAT","Tree","Stem (wood + bark)","",NA,"Species","0.42",NA
"UCSC","Pinaceae","Pinus ponderosa","PINUPO","Tree","Stem (wood + bark)","",NA,"Species","0.38",NA
"Wabikon","Betulaceae","Betula alleghaniensis","BETALL","Tree","Whole tree (above stump)","",NA,"Species","0.55",NA
"Wabikon","Cupressaceae","Thuja occidentalis ","THUOCC","Tree","Whole tree (above stump)","",NA,"Species","0.29",NA
"Wabikon","Malvaceae","Tilia americana ","TILAME","Tree","Foliage total","",NA,"Species","0.32",NA
"Wabikon","Pinaceae","Abies balsamea","ABIBAL","Tree","Whole tree (above stump)","",NA,"Species","0.34",NA
"Wabikon","Pinaceae","Larix laricina","LARLAR","Tree","Whole tree (above stump)","",NA,"Species","0.49",NA
"Wabikon","Pinaceae","Picea glauca","PICGLA","Tree","Whole tree (above stump)","",NA,"Species","0.37",NA
"Wabikon","Pinaceae","Picea mariana","PICMAR","Tree","Whole tree (above stump)","",NA,"Species","0.38",NA
"Wabikon","Salicaceae","Populus balsamifera ","POPBAL","Tree","Whole tree (above stump)","",NA,"Species","0.31",NA
"Wabikon","Ulmaceae","Ulmus americana ","ULMAME","Tree","Whole tree (above stump)","",NA,"Species","0.46",NA
"Wabikon","Oleaceae","Fraxinus americana ","FRAAME","Tree","Whole tree (above stump)","",NA,"Species","0.51",NA
"Wabikon","Caprifoliaceae","Lonicera canadensis","LONCAN","Shrub","Total aboveground biomass","",NA,"Species","NRA",NA
"Wabikon","Malvaceae","Tilia americana ","TILAME","Tree","Stem + branches (live)","",NA,"Species","0.32",NA
"Wabikon","Oleaceae","Fraxinus nigra","FRANIG","Tree","Total aboveground biomass","",NA,"Species","0.45",NA
"Wabikon","Adoxaceae","Sambucus racemosa ","SAMRAC","Shrub","Total aboveground biomass","G",NA,"Mixed hardwood","0.5",NA
"Wabikon","Aquifoliaceae","Ilex mucronata","ILEMUC","Shrub","Total aboveground biomass","G",NA,"Family","0.5",NA
"Wabikon","Aquifoliaceae","Ilex verticillata","ILEVER","Shrub","Total aboveground biomass","G",NA,"Family","0.5",NA
"Wabikon","Betulaceae","Alnus incana","ALNINC","Shrub","Total aboveground biomass","G",NA,"Family","0.37",NA
"Wabikon","Betulaceae","Corylus cornuta","CORCOR","Shrub","Total aboveground biomass","G",NA,"Mixed hardwood","0.5",NA
"Wabikon","Grossulariaceae","Ribes cynosbati ","RIBCYN","Shrub","Total aboveground biomass","G",NA,"Mixed hardwood","0.73",NA
"Wabikon","Juglandaceae","Juglans cinerea ","JUGCIN","Tree","Total aboveground biomass","G",NA,"Family","0.36",NA
"Wabikon","Pinaceae","Pinus strobus ","PINSTR","Tree","Whole tree (aboveground)","",NA,"Species","0.34",NA
"Wabikon","Rosaceae","Amelanchier sanguinea ","AMESAN","Shrub","Total aboveground biomass","G",NA,"Family","0.66",NA
"Wabikon","Rosaceae","Malus pumila","MALPUM","Tree","Total aboveground biomass","G",NA,"Family","0.61",NA
"Wabikon","Rosaceae","Prunus virginiana ","PRUVIR","Tree","Total aboveground biomass","G",NA,"Family","0.47",NA
"Wabikon","Rosaceae","Sorbus americana","SORAME","Tree","Total aboveground biomass","G",NA,"Family","0.42",NA
"Wabikon","Thymelaeaceae","Dirca palustris ","DIRPAL","Shrub","Total aboveground biomass","G",NA,"Mixed hardwood","0.33",NA
"Wabikon","Aceraceae","Acer rubrum ","ACERUB","Tree","Whole tree (aboveground)","",NA,"Species","0.49",NA
"Wabikon","Aceraceae","Acer rubrum ","ACERUB","Tree","Whole tree (aboveground)","",NA,"Species","0.49",NA
"Wabikon","Aceraceae","Acer spicatum","ACESPI","Shrub","Whole tree (aboveground)","",NA,"Species","0.44",NA
"Wabikon","Betulaceae","Betula papyrifera","BETPAP","Tree","Whole tree (aboveground)","",NA,"Species","0.48",NA
"Wabikon","Betulaceae","Ostrya virginiana","OSTVIR","Tree","Stem + branches (live)","",NA,"Species","0.63",NA
"Wabikon","Betulaceae","Ostrya virginiana","OSTVIR","Tree","Foliage total","",NA,"Species","1.63",NA
"Wabikon","Cornaceae","Cornus alternifolia","CORALT","Tree","Whole tree (aboveground)","",NA,"Species","0.64",NA
"Wabikon","Fagaceae","Quercus rubra ","QUERUB","Tree","Whole tree (aboveground)","",NA,"Species","0.56",NA
"Wabikon","Pinaceae","Tsuga canadensis","TSUCAN","Tree","Whole tree (aboveground)","",NA,"Species","0.38",NA
"Wabikon","Rosaceae","Amelanchier laevis","AMELAE","Shrub","Total aboveground biomass","G",NA,"Family","0.66",NA
"Wabikon","Aceraceae","Acer saccharum","ACESUG","Tree","Whole tree (aboveground)","",NA,"Species","0.56",NA
"Wabikon","Oleaceae","Fraxinus americana ","FRAAME","Tree","Whole tree (above stump)","",NA,"Species","0.51",NA
"Wabikon","Rosaceae","Prunus pensylvanica","PRUPEN","Tree","Whole tree (aboveground)","",NA,"Species","0.5",NA
"Wabikon","Rosaceae","Prunus serotina","PRUSER","Tree","Whole tree (aboveground)","",NA,"Species","0.47",NA
"Wabikon","Salicaceae","Populus grandidentata","POPGRA","Tree","Whole tree (aboveground)","",NA,"Species","0.36",NA
"Wabikon","Salicaceae","Populus tremuloides","POPTRE","Tree","Whole tree (aboveground)","",NA,"Species","0.35",NA
"Wind River","Pinaceae","Tsuga heterophylla","TSHE","Tree","Whole tree (above stump)","",NA,"Species","0.42",NA
"Wind River","Pinaceae","Abies grandis","ABGR","Tree","Stem (wood + bark)","",NA,"Species","0.35",NA
"Wind River","Caprifoliaceae","Lonicera ciliosa","LOCI","Shrub","Total aboveground biomass","",NA,"Species","NRA",NA
"Wind River","Rosaceae","Rosa gymnocarpa","ROGY","Shrub","Total aboveground biomass","",NA,"Genus","NRA",NA
"Wind River","Betulaceae","Alnus rubra","ALRU","Tree","Whole tree (above stump)","",NA,"Species","0.37",NA
"Wind River","Pinaceae","Pseudotsuga menziesii","PSME","Tree","Total aboveground biomass","",NA,"Species","0.45",NA
"Wind River","Sapindaceae","Acer circinatum","ACCI","Shrub","Whole tree (aboveground)","",NA,"Species","NRA",NA
"Wind River","Sapindaceae","Acer glabrum","ACGL","Tree","Whole tree (aboveground)","",NA,"Species","0.44",NA
"Wind River","Betulaceae","Corylus cornuta","COCOC","Shrub","Total aboveground biomass","G",NA,"Mixed hardwood","0.5",NA
"Wind River","Cornaceae","Cornus nuttallii","CONU","Tree","Total aboveground biomass","G",NA,"Family","0.58",NA
"Wind River","Ericaceae","Gaultheria shallon","GASH","Shrub","Total aboveground biomass","G",NA,"Family","0.5",NA
"Wind River","Ericaceae","Menziesia ferruginea","MEFE","Shrub","Total aboveground biomass","G",NA,"Family","0.5",NA
"Wind River","Ericaceae","Rhododendron macrophyllum","RHMA","Shrub","Total aboveground biomass","G",NA,"Family","0.5",NA
"Wind River","Pinaceae","Pinus monticola","PIMO","Tree","Total aboveground biomass","G",NA,"Genus","0.35",NA
"Wind River","Rhamnaceae","Rhamnus purshiana","RHPU","Shrub","Total aboveground biomass","G",NA,"Mixed hardwood","0.5",NA
"Wind River","Rosaceae","Amelanchier alnifolia","AMAL","Tree","Total aboveground biomass","G",NA,"Family","0.66",NA
"Wind River","Rosaceae","Oemleria cerasiformis","OECE","Shrub","Total aboveground biomass","G",NA,"Family","0.5",NA
"Wind River","Taxaceae","Taxus brevifolia","TABR","Tree","Total aboveground biomass","G",NA,"Family","0.6",NA
"Wind River","Ericaceae","Vaccinium membranaceum","VAME","Shrub","Total aboveground biomass (including foliage)","",NA,"Species","0.47",NA
"Wind River","Ericaceae","Vaccinium ovalifolium","VAOV","Shrub","Total aboveground biomass (including foliage)","",NA,"Species","0.47",NA
"Wind River","Ericaceae","Vaccinium parvifolium","VAPA","Shrub","Total aboveground biomass (including foliage)","",NA,"Species","0.47",NA
"Wind River","Pinaceae","Pseudotsuga menziesii","PSME","Tree","Total aboveground biomass","",NA,"Species","0.45",NA
"Wind River","Rosaceae","Holodiscus discolor","HODI","Shrub","Total aboveground biomass","",NA,"Species","0.71",NA
"Wind River","Rosaceae","Rubus leucodermis","RULE","Shrub","Total aboveground biomass","",NA,"Species","NRA",NA
"Wind River","Rosaceae","Rubus spectabalis","RUSP","Shrub","Total aboveground biomass","",NA,"Species","NRA",NA
"Wind River","Pinaceae","Abies procera","ABPR","Tree","Live branch biomass","",NA,"Species","0.37",NA
"Wind River","Pinaceae","Abies procera","ABPR","Tree","Total foliage biomass","",NA,"Species","0.37",NA
"Wind River","Pinaceae","Abies sp.","ABSP","Tree","Live branch biomass","",NA,"Genus","0.36",NA
"Wind River","Pinaceae","Abies sp.","ABSP","Tree","Total foliage biomass","",NA,"Genus","0.36",NA
"Wind River","Pinaceae","Abies sp.","ABSP","Tree","Stem bark biomass","",NA,"Genus","0.36",NA
"Wind River","Pinaceae","Abies procera","ABPR","Tree","Total stem biomass","",NA,"Species","0.37",NA
"Wind River","Pinaceae","Abies sp.","ABSP","Tree","Stem wood biomass (without bark)","",NA,"Genus","0.36",NA
"Wind River","Cupressaceae","Thuja plicata","THPL","Tree","Whole tree (aboveground)","",NA,"Species","0.31",NA
"Wind River","Cupressaceae","Thuja plicata","THPL","Tree","Whole tree (aboveground)","",NA,"Species","0.31",NA
"Wind River","Pinaceae","Abies grandis","ABGR","Tree","Crown (branches + foliage + twigs)","",NA,"Species","0.35",NA
"Wind River","Pinaceae","Abies amabilis","ABAM","Tree","Whole tree (above stump)","",NA,"Species","0.4",NA
"Wytham Woods","Fagaceae","Quercus robur","QUERRO","Tree","Whole tree (aboveground)","E",NA,"Species","0.53",NA
"Wytham Woods","Oleaceae","Fraxinus excelsior","FRAXEX","Tree","Whole tree (aboveground)","E",NA,"Species","0.49",NA
"Wytham Woods","Adoxaceae","Sambucus nigra","SAMBNI","Shrub","Whole tree (aboveground)","E",NA,"Woody species","0.5",NA
"Wytham Woods","Aquifoliaceae","Ilex aquifolium","ILEXAQ","Shrub","Whole tree (aboveground)","E",NA,"Woody species","0.61",NA
"Wytham Woods","Betulaceae","Betula sp.","BETUSP","Tree","Whole tree (aboveground)","E",NA,"Woody species","0.55",NA
"Wytham Woods","Betulaceae","Carpinus betulus","CARPBE","Tree","Whole tree (aboveground)","E",NA,"Woody species","0.53",NA
"Wytham Woods","Betulaceae","Corylus avellana","CORYAV","Shrub","Whole tree (aboveground)","E",NA,"Woody species","0.52",NA
"Wytham Woods","Celastraceae","Euonymus europaeus","EUONEU","Shrub","Whole tree (aboveground)","E",NA,"Woody species","0.6",NA
"Wytham Woods","Cornaceae","Cornus sanguinea","CORNSA","Shrub","Whole tree (aboveground)","E",NA,"Woody species","0.58",NA
"Wytham Woods","Fagaceae","Castanea sativa","CASTSA","Tree","Whole tree (aboveground)","E",NA,"Woody species","0.5",NA
"Wytham Woods","Fagaceae","Fagus sylvatica","FAGUSY","Tree","Whole tree (aboveground)","E",NA,"Woody species","0.53",NA
"Wytham Woods","Malvaceae","Tilia x europaea","TILIEU","Tree","Whole tree (aboveground)","E",NA,"Woody species","0.32",NA
"Wytham Woods","Pinaceae","Larix decidua","LARIDE","Tree","Whole tree (aboveground)","E",NA,"Woody species","0.45",NA
"Wytham Woods","Pinaceae","Picea abies","PICEAB","Tree","Whole tree (aboveground)","E",NA,"Woody species","0.32",NA
"Wytham Woods","Pinaceae","Pinus sylvatica","PINUSY","Tree","Whole tree (aboveground)","E",NA,"Woody species","0.53",NA
"Wytham Woods","Pinaceae","Pseudotsuga menziesii","PSEUME","Tree","Whole tree (aboveground)","E",NA,"Woody species","0.45",NA
"Wytham Woods","Rhamnaceae","Frangula alnus","FRANAL","Tree","Whole tree (aboveground)","E",NA,"Woody species","0.59",NA
"Wytham Woods","Rosaceae","Crataegus monogyna","CRATMO","Shrub","Whole tree (aboveground)","E",NA,"Woody species","0.62",NA
"Wytham Woods","Rosaceae","Prunus avium","PRUNAV","Tree","Whole tree (aboveground)","E",NA,"Woody species","0.48",NA
"Wytham Woods","Rosaceae","Prunus spinosa","PRUNSP","Tree","Whole tree (aboveground)","E",NA,"Woody species","0.7",NA
"Wytham Woods","Salicaceae","Salix sp.","SALISP","Tree","Whole tree (aboveground)","E",NA,"Woody species","0.36",NA
"Wytham Woods","Sapindaceae","Acer campestre","ACERCA","Tree","Whole tree (aboveground)","E",NA,"Woody species","0.53",NA
"Wytham Woods","Taxaceae","Taxus baccata","TAXUBA","Tree","Whole tree (aboveground)","E",NA,"Woody species","0.55",NA
"Wytham Woods","Sapindaceae","Acer pseudoplatanus","ACERPS","Tree","Whole tree (aboveground)","E",NA,"Species","0.48",NA
"Yosemite","Pinaceae","Pinus lambertiana","PILA","Tree","Total aboveground biomass","",NA,"Species","0.34",NA
"Yosemite","Pinaceae","Pseudotsuga menziesii","PSME","Tree","Total aboveground biomass","",NA,"Species","0.45",NA
"Yosemite","Rosaceae","Prunus emarginata","PREM","Tree","Whole tree (above stump)","",NA,"Species","0.47",NA
"Yosemite","Adoxaceae","Sambucus racemosa","SARA","Shrub","Total aboveground biomass","G",NA,"Mixed hardwood","0.5",NA
"Yosemite","Betulaceae","Corylus cornuta subsp. californica","COCOC","Shrub","Total aboveground biomass","G",NA,"Mixed hardwood","0.5",NA
"Yosemite","Cornaceae","Cornus nuttallii","CONU","Tree","Total aboveground biomass","G",NA,"Family","0.58",NA
"Yosemite","Ericaceae","Rhododendron occidentale","RHOC","Shrub","Total aboveground biomass","G",NA,"Family","0.5",NA
"Yosemite","Rhamnaceae","Rhamnus californica","RHCA","Shrub","Total aboveground biomass","G",NA,"Mixed hardwood","0.5",NA
"Yosemite","Rosaceae","Prunus emarginata","PREM","Tree","Total aboveground biomass","G",NA,"Family","0.47",NA
"Yosemite","Rosaceae","Prunus virginiana","PRVI","Tree","Total aboveground biomass","G",NA,"Family","0.47",NA
"Yosemite","Salicaceae","Salix scouleriana","SASC","Tree","Total aboveground biomass","G",NA,"Family","0.36",NA
"Yosemite","Salicaceae","Salix sp.","SALIX","Tree","Total aboveground biomass","G",NA,"Family","0.36",NA
"Yosemite","Pinaceae","Pinus lambertiana","PILA","Tree","Total aboveground biomass","",NA,"Species","0.34",NA
"Yosemite","Pinaceae","Pseudotsuga menziesii","PSME","Tree","Total aboveground biomass","",NA,"Species","0.45",NA
"Yosemite","Ericaceae","Arctostaphylos patula","ARPA","Shrub","Total aboveground biomass","",NA,"Species","0.72",NA
"Yosemite","Rhamnaceae","Ceanothus cordulatus","CECO","Shrub","Total aboveground biomass","",NA,"Species","0.67",NA
"Yosemite","Rhamnaceae","Ceanothus integerrimus","CEIN","Shrub","Total aboveground biomass","",NA,"Species","0.67",NA
"Yosemite","Rhamnaceae","Ceanothus parvifolius","CEPA","Shrub","Total aboveground biomass (including foliage)","",NA,"Species","0.67",NA
"Yosemite","Rosaceae","Holodiscus discolor","HODI","Shrub","Total aboveground biomass","",NA,"Species","0.71",NA
"Yosemite","Grossulariaceae","Ribes nevadense","RINE","Shrub","Total aboveground biomass","",NA,"Genus","NRA",NA
"Yosemite","Grossulariaceae","Ribes roezlii","RIRO","Shrub","Total aboveground biomass","",NA,"Genus","NRA",NA
"Yosemite","Pinaceae","Abies concolor","ABCO","Tree","Live branch biomass","",NA,"Species","0.37",NA
"Yosemite","Pinaceae","Abies magnifica","ABMA","Tree","Live branch biomass","",NA,"Species","0.37",NA
"Yosemite","Pinaceae","Abies concolor","ABCO","Tree","Total foliage biomass","",NA,"Species","0.37",NA
"Yosemite","Pinaceae","Abies magnifica","ABMA","Tree","Total foliage biomass","",NA,"Species","0.37",NA
"Yosemite","Pinaceae","Abies sp.","ABSP","Tree","Live branch biomass","",NA,"Genus","0.36",NA
"Yosemite","Pinaceae","Abies sp.","ABSP","Tree","Total foliage biomass","",NA,"Genus","0.36",NA
"Yosemite","Ericaceae","Leucothoe davisiae","LEDA","Shrub","Total aboveground live biomass","E",NA,"Species","0.405",NA
"Yosemite","Ericaceae","Vaccinium uliginosum","VAUL","Shrub","Total aboveground live biomass","E",NA,"Species","0.47",NA
"Yosemite","Cornaceae","Cornus sericea","COSE","Shrub","Total aboveground live biomass","E",NA,"Species","0.58",NA
"Yosemite","Fagaceae","Chrysolepis sempervirens","CHSE","Shrub","Total aboveground live biomass","E",NA,"Species","0.42",NA
"Yosemite","Pinaceae","Abies sp.","ABSP","Tree","Stem bark biomass","",NA,"Genus","0.36",NA
"Yosemite","Pinaceae","Abies concolor","ABCO","Tree","Total stem biomass","",NA,"Species","0.37",NA
"Yosemite","Pinaceae","Abies magnifica","ABMA","Tree","Total stem biomass","",NA,"Species","0.37",NA
"Yosemite","Pinaceae","Abies sp.","ABSP","Tree","Stem wood biomass (without bark)","",NA,"Genus","0.36",NA
"Yosemite","Cupressaceae","Calocedrus decurrens","CADE","Tree","Stem biomass (wood + bark)","",NA,"Species","0.35",NA
"Yosemite","Pinaceae","Abies concolor","ABCO","Tree","Stem (wood + bark)","",NA,"Species","0.37",NA
"Yosemite","Pinaceae","Abies magnifica","ABMA","Tree","Stem (wood + bark)","",NA,"Species","0.37",NA
"Yosemite","Pinaceae","Pinus ponderosa","PIPO","Tree","Stem (wood + bark)","",NA,"Species","0.38",NA
"Yosemite","Pinaceae","Pinus ponderosa","PIPO","Tree","Crown (branches + foliage + twigs)","",NA,"Species","0.38",NA
"Zofin","Sambucaceae","Sambucus racemosa","BEZ","Shrub","Total aboveground biomass","E",NA,"Species","0.46",NA
"Zofin","Fagaceae","Fagus sylvatica","BK","Tree","Total aboveground biomass","E",NA,"Species","0.59",NA
"Zofin","Betulaceae","Betula pandula","BR","Tree","Total aboveground biomass","E",NA,"Species","0.52",NA
"Zofin","Pinaceae","Abies alba","JD","Tree","Total aboveground biomass","E",NA,"Species","0.35",NA
"Zofin","Ulmaceae","Ulmus glabra","JL","Tree","Total aboveground biomass","E",NA,"Species","0.55",NA
"Zofin","Rosaceae","Sorbus aucuparia","JR","Tree","Total aboveground biomass","E",NA,"Species","0.63",NA
"Zofin","Aceraceae","Acer platanoides","JV","Tree","Total aboveground biomass","E",NA,"Species","0.51",NA
"Zofin","Aceraceae","Acer pseudoplatanus","KL","Tree","Total aboveground biomass","E",NA,"Species","0.51",NA
"Zofin","Pinaceae","Picea abies","SM","Tree","Total aboveground biomass","E",NA,"Species","0.37",NA
"Zofin","Salicaceae","Populus tremula","TP","Tree","Total aboveground biomass","E",NA,"Species","0.39",NA
"Zofin","Salicaceae","Salix caprea","VR","Tree","Total aboveground biomass","E",NA,"Species","0.4",NA
