"site","family","species","wsg","wsg_id","wsg_specificity","ref_wsg_id"
"Lilly Dicky","Fabaceae","Robinia pseudoacacia","0.66",NA,NA,NA
"Lilly Dicky","Ulmaceae","Ulmus americana","0.46",NA,NA,NA
"Lilly Dicky","Ulmaceae","Ulmus rubra","0.48",NA,NA,NA
"Lilly Dicky","Oleaceae","Fraxinus americana","0.51",NA,NA,NA
"Lilly Dicky","Oleaceae","Fraxinus pennsylvanica","0.53",NA,NA,NA
"Lilly Dicky","Hamamelidaceae","Hamamelis virginiana","0.71",NA,NA,NA
"Lilly Dicky","Cupressaceae","Juniperus virginiana","0.44",NA,NA,NA
"Lilly Dicky","Fagaceae","Fagus grandifolia","0.56",NA,NA,NA
"Lilly Dicky","Fagaceae","Quercus alba","0.6",NA,NA,NA
"Lilly Dicky","Fagaceae","Quercus coccinea","0.6",NA,NA,NA
"Lilly Dicky","Fagaceae","Quercus prinus","0.57",NA,NA,NA
"Lilly Dicky","Fagaceae","Quercus rubra","0.56",NA,NA,NA
"Lilly Dicky","Fagaceae","Quercus velutina","0.56",NA,NA,NA
"Lilly Dicky","Juglandaceae","Carya ovata","0.62",NA,NA,NA
"Lilly Dicky","Malvaceae","Tilia americana","0.32",NA,NA,NA
"Lilly Dicky","Rosaceae","Amelanchier arborea","0.66",NA,NA,NA
"Lilly Dicky","Anacardiaceae","Rhus typhina","0.5",NA,NA,NA
"Lilly Dicky","Annonaceae","Asimina triloba","0.47",NA,NA,NA
"Lilly Dicky","Betulaceae","Carpinus caroliniana","0.58",NA,NA,NA
"Lilly Dicky","Cannabaceae","Celtis occidentalis","0.49",NA,NA,NA
"Lilly Dicky","Fabaceae","Cercis canadensis","0.63",NA,NA,NA
"Lilly Dicky","Lauraceae","Lindera benzoin","0.5",NA,NA,NA
"Lilly Dicky","Paulowniaceae","Paulownia tomentosa","0.38",NA,NA,NA
"Lilly Dicky","Rosaceae","Crataegus sp.","0.62",NA,NA,NA
"Lilly Dicky","Betulaceae","Ostrya virginiana","0.63",NA,NA,NA
"Lilly Dicky","Betulaceae","Ostrya virginiana","0.63",NA,NA,NA
"Lilly Dicky","Cornaceae","Cornus florida","0.64",NA,NA,NA
"Lilly Dicky","Fagaceae","Quercus velutina","0.56",NA,NA,NA
"Lilly Dicky","Juglandaceae","Carya alba","0.62",NA,NA,NA
"Lilly Dicky","Juglandaceae","Carya cordiformis","0.6",NA,NA,NA
"Lilly Dicky","Juglandaceae","Carya glabra","0.66",NA,NA,NA
"Lilly Dicky","Lauraceae","Sassafras albidum","0.42",NA,NA,NA
"Lilly Dicky","Magnoliaceae","Liriodendron tulipifera","0.4",NA,NA,NA
"Lilly Dicky","Nyssaceae","Nyssa sylvatica","0.46",NA,NA,NA
"Lilly Dicky","Oleaceae","Fraxinus americana","0.51",NA,NA,NA
"Lilly Dicky","Rosaceae","Amelanchier arborea","0.66",NA,NA,NA
"Lilly Dicky","Rosaceae","Amelanchier arborea","0.66",NA,NA,NA
"Lilly Dicky","Rosaceae","Prunus serotina","0.47",NA,NA,NA
"Lilly Dicky","Sapindaceae","Acer rubrum","0.49",NA,NA,NA
"Lilly Dicky","Sapindaceae","Acer saccharum","0.56",NA,NA,NA
"SCBI","Cornaceae","Cornus alternifolia","0.64",NA,NA,NA
"SCBI","Cornaceae","Cornus florida","0.64",NA,NA,NA
"SCBI","Fabaceae","Robinia pseudoacacia","0.66",NA,NA,NA
"SCBI","Fagaceae","Quercus falcata","0.52",NA,NA,NA
"SCBI","Fagaceae","Quercus falcata","0.52",NA,NA,NA
"SCBI","Nyssaceae","Nyssa sylvatica","0.46",NA,NA,NA
"SCBI","Platanaceae","Platanus occidentalis","0.46",NA,NA,NA
"SCBI","Ulmaceae","Ulmus americana","0.46",NA,NA,NA
"SCBI","Ulmaceae","Ulmus rubra","0.48",NA,NA,NA
"SCBI","Adoxaceae","Viburnum acerifolium","0.83",NA,NA,NA
"SCBI","Adoxaceae","Viburnum prunifolium","0.83",NA,NA,NA
"SCBI","Adoxaceae","Viburnum recognitum","0.83",NA,NA,NA
"SCBI","Caprifoliaceae","Lonicera maackii","NRA",NA,NA,NA
"SCBI","Hamamelidaceae","Hamamelis virginiana","0.71",NA,NA,NA
"SCBI","Rosaceae","Rosa multiflora","NRA",NA,NA,NA
"SCBI","Rosaceae","Rubus allegheniensis","NRA",NA,NA,NA
"SCBI","Rosaceae","Rubus pensilvanicus","NRA",NA,NA,NA
"SCBI","Rosaceae","Rubus phoenicolasius","NRA",NA,NA,NA
"SCBI","Fagaceae","Fagus grandifolia","0.56",NA,NA,NA
"SCBI","Fagaceae","Quercus alba","0.6",NA,NA,NA
"SCBI","Fagaceae","Quercus coccinea","0.6",NA,NA,NA
"SCBI","Fagaceae","Quercus michauxii","0.6",NA,NA,NA
"SCBI","Fagaceae","Quercus montana","0.57",NA,NA,NA
"SCBI","Fagaceae","Quercus muehlenbergii","0.6",NA,NA,NA
"SCBI","Fagaceae","Quercus rubra","0.56",NA,NA,NA
"SCBI","Fagaceae","Quercus velutina","0.56",NA,NA,NA
"SCBI","Juglandaceae","Carya cordiformis","0.6",NA,NA,NA
"SCBI","Juglandaceae","Carya glabra","0.66",NA,NA,NA
"SCBI","Juglandaceae","Carya ovalis","0.62",NA,NA,NA
"SCBI","Juglandaceae","Carya tomentosa","0.64",NA,NA,NA
"SCBI","Magnoliaceae","Liriodendron tulipifera","0.4",NA,NA,NA
"SCBI","Malvaceae","Tilia americana","0.32",NA,NA,NA
"SCBI","Oleaceae","Fraxinus americana","0.51",NA,NA,NA
"SCBI","Oleaceae","Fraxinus nigra","0.45",NA,NA,NA
"SCBI","Oleaceae","Fraxinus pennsylvanica","0.53",NA,NA,NA
"SCBI","Rosaceae","Prunus avium","0.47",NA,NA,NA
"SCBI","Rosaceae","Prunus persica","0.47",NA,NA,NA
"SCBI","Rosaceae","Prunus serotina","0.47",NA,NA,NA
"SCBI","Rosaceae","Amelanchier arborea","0.66",NA,NA,NA
"SCBI","Aceraceae","Acer negundo","0.44",NA,NA,NA
"SCBI","Aceraceae","Acer platanoides","0.44",NA,NA,NA
"SCBI","Aceraceae","Acer rubrum","0.49",NA,NA,NA
"SCBI","Adoxaceae","Sambucus canadensis","0.5",NA,NA,NA
"SCBI","Annonaceae","Asimina triloba","0.47",NA,NA,NA
"SCBI","Aquifoliaceae","Ilex verticillata","0.5",NA,NA,NA
"SCBI","Berberidaceae","Berberis thunbergii","0.5",NA,NA,NA
"SCBI","Betulaceae","Carpinus caroliniana","0.58",NA,NA,NA
"SCBI","Betulaceae","Corylus americana","0.5",NA,NA,NA
"SCBI","Cannabaceae","Celtis occidentalis","0.49",NA,NA,NA
"SCBI","Celastraceae","Euonymus alatus","0.5",NA,NA,NA
"SCBI","Ebenaceae","Diospyros virginiana","0.64",NA,NA,NA
"SCBI","Elaeagnaceae","Elaeagnus umbellata","0.5",NA,NA,NA
"SCBI","Fabaceae","Cercis canadensis","0.63",NA,NA,NA
"SCBI","Fagaceae","Castanea dentata","0.4",NA,NA,NA
"SCBI","Juglandaceae","Juglans cinerea","0.36",NA,NA,NA
"SCBI","Juglandaceae","Juglans nigra","0.51",NA,NA,NA
"SCBI","Lauraceae","Lindera benzoin","0.5",NA,NA,NA
"SCBI","Oleaceae","Chionanthus virginicus","0.5",NA,NA,NA
"SCBI","Paulowniaceae","Paulownia tomentosa","0.38",NA,NA,NA
"SCBI","Pinaceae","Pinus pungens","0.49",NA,NA,NA
"SCBI","Pinaceae","Pinus strobus","0.34",NA,NA,NA
"SCBI","Rosaceae","Crataegus pruinosa","0.62",NA,NA,NA
"SCBI","Simaroubaceae","Ailanthus altissima","0.33",NA,NA,NA
"SCBI","Lauraceae","Sassafras albidum","0.42",NA,NA,NA
"SCBI","Pinaceae","Pinus virginiana","0.45",NA,NA,NA
"SCBI","Rosaceae","Amelanchier arborea","0.66",NA,NA,NA
"SCBI","Rosaceae","Amelanchier arborea","0.66",NA,NA,NA
"SERC","Lauraceae","Sassafras albidum","0.42",NA,NA,NA
"SERC","Juglandaceae","Carya cordiformis","0.6",NA,NA,NA
"SERC","Juglandaceae","Carya glabra","0.66",NA,NA,NA
"SERC","Juglandaceae","Carya sp.","0.62",NA,NA,NA
"SERC","Altingiaceae","Liquidambar styraciflua","0.46",NA,NA,NA
"SERC","Cornaceae","Cornus florida","0.64",NA,NA,NA
"SERC","Fagaceae","Quercus falcata","0.52",NA,NA,NA
"SERC","Fagaceae","Quercus falcata","0.52",NA,NA,NA
"SERC","Fagaceae","Quercus stellata","0.6",NA,NA,NA
"SERC","Nyssaceae","Nyssa sylvatica","0.46",NA,NA,NA
"SERC","Oleaceae","Fraxinus pennsylvanica","0.53",NA,NA,NA
"SERC","Platanaceae","Platanus occidentalis","0.46",NA,NA,NA
"SERC","Platanaceae","Platanus occidentalis","0.46",NA,NA,NA
"SERC","Ulmaceae","Ulmus americana","0.46",NA,NA,NA
"SERC","Ulmaceae","Ulmus rubra","0.48",NA,NA,NA
"SERC","Malvaceae","Tilia americana","0.32",NA,NA,NA
"SERC","Oleaceae","Fraxinus americana","0.51",NA,NA,NA
"SERC","Adoxaceae","Viburnum acerifolium","0.83",NA,NA,NA
"SERC","Adoxaceae","Viburnum dentatum","0.83",NA,NA,NA
"SERC","Adoxaceae","Viburnum prunifolium","0.83",NA,NA,NA
"SERC","Caprifoliaceae","Lonicera maackii","NRA",NA,NA,NA
"SERC","Rosaceae","Rosa multiflora","NRA",NA,NA,NA
"SERC","Cupressaceae","Juniperus virginiana","0.44",NA,NA,NA
"SERC","Fagaceae","Quercus michauxii","0.6",NA,NA,NA
"SERC","Rosaceae","Amelanchier arborea","0.66",NA,NA,NA
"SERC","Rosaceae","Amelanchier canadensis","0.66",NA,NA,NA
"SERC","Aceraceae","Acer negundo","0.44",NA,NA,NA
"SERC","Aceraceae","Acer rubrum","0.49",NA,NA,NA
"SERC","Adoxaceae","Sambucus nigra","0.5",NA,NA,NA
"SERC","Anacardiaceae","Rhus typhina","0.5",NA,NA,NA
"SERC","Annonaceae","Asimina triloba","0.47",NA,NA,NA
"SERC","Aquifoliaceae","Ilex opaca","0.5",NA,NA,NA
"SERC","Aquifoliaceae","Ilex verticillata","0.5",NA,NA,NA
"SERC","Araliaceae","Aralia spinosa","0.5",NA,NA,NA
"SERC","Betulaceae","Carpinus caroliniana","0.58",NA,NA,NA
"SERC","Cannabaceae","Celtis occidentalis","0.49",NA,NA,NA
"SERC","Elaeagnaceae","Elaeagnus angustifolia","0.5",NA,NA,NA
"SERC","Elaeagnaceae","Elaeagnus umbellata","0.5",NA,NA,NA
"SERC","Ericaceae","Kalmia latifolia","0.5",NA,NA,NA
"SERC","Ericaceae","Rhododendron arborescens","0.5",NA,NA,NA
"SERC","Ericaceae","Vaccinium corymbosum","0.47",NA,NA,NA
"SERC","Ericaceae","Vaccinium sp.","0.47",NA,NA,NA
"SERC","Fabaceae","Albizia julibrissin","0.57",NA,NA,NA
"SERC","Fabaceae","Cercis canadensis","0.63",NA,NA,NA
"SERC","Fagaceae","Quercus palustris","0.58",NA,NA,NA
"SERC","Fagaceae","Quercus rubra","0.56",NA,NA,NA
"SERC","Fagaceae","Quercus sp.","0.59",NA,NA,NA
"SERC","Fagaceae","Quercus velutina","0.56",NA,NA,NA
"SERC","Juglandaceae","Juglans nigra","0.51",NA,NA,NA
"SERC","Lauraceae","Lindera benzoin","0.5",NA,NA,NA
"SERC","Moraceae","Broussonetia papyrifera","0.59",NA,NA,NA
"SERC","Moraceae","Morus rubra","0.59",NA,NA,NA
"SERC","Oleaceae","Ligustrum sp.","0.5",NA,NA,NA
"SERC","Rubiaceae","Cephalanthus occidentalis","0.5",NA,NA,NA
"SERC","Salicaceae","Salix nigra","0.36",NA,NA,NA
"SERC","Scrophulariaceae","Paulownia tomentosa","0.38",NA,NA,NA
"SERC","Simaroubaceae","Ailanthus altissima","0.33",NA,NA,NA
"SERC","Fagaceae","Fagus grandifolia","0.56",NA,NA,NA
"SERC","Fagaceae","Quercus alba","0.6",NA,NA,NA
"SERC","Fagaceae","Quercus coccinea","0.6",NA,NA,NA
"SERC","Fagaceae","Quercus montana","0.57",NA,NA,NA
"SERC","Juglandaceae","Carya alba","0.62",NA,NA,NA
"SERC","Magnoliaceae","Liriodendron tulipifera","0.4",NA,NA,NA
"SERC","Pinaceae","Pinus taeda","0.47",NA,NA,NA
"SERC","Pinaceae","Pinus virginiana","0.45",NA,NA,NA
"SERC","Rosaceae","Amelanchier arborea","0.66",NA,NA,NA
"SERC","Rosaceae","Amelanchier arborea","0.66",NA,NA,NA
"SERC","Rosaceae","Amelanchier canadensis","0.66",NA,NA,NA
"SERC","Rosaceae","Amelanchier canadensis","0.66",NA,NA,NA
"SERC","Rosaceae","Prunus avium","0.47",NA,NA,NA
"SERC","Rosaceae","Prunus serotina","0.47",NA,NA,NA
"SERC","Salicaceae","Populus grandidentata","0.36",NA,NA,NA
"Tyson","Lauraceae","Sassafras albidum","0.42",NA,NA,NA
"Tyson","Platanaceae","Platanus occidentalis","0.46",NA,NA,NA
"Tyson","Ulmaceae","Ulmus rubra","0.46",NA,NA,NA
"Tyson","Oleaceae","Fraxinus americana","0.51",NA,NA,NA
"Tyson","Caprifoliaceae","Lonicera maackii","NRA",NA,NA,NA
"Tyson","Cupressaceae","Juniperus virginiana","0.44",NA,NA,NA
"Tyson","Fagaceae","Quercus alba","0.6",NA,NA,NA
"Tyson","Fagaceae","Quercus marilandica","0.56",NA,NA,NA
"Tyson","Fagaceae","Quercus muehlenbergii","0.6",NA,NA,NA
"Tyson","Fagaceae","Quercus rubra","0.56",NA,NA,NA
"Tyson","Fagaceae","Quercus sp.","0.6",NA,NA,NA
"Tyson","Fagaceae","Quercus stellata","0.6",NA,NA,NA
"Tyson","Fagaceae","Quercus velutina","0.56",NA,NA,NA
"Tyson","Juglandaceae","Carya ovata","0.62",NA,NA,NA
"Tyson","Malvaceae","Tilia americana","0.32",NA,NA,NA
"Tyson","Rosaceae","Amelanchier arborea","0.66",NA,NA,NA
"Tyson","Annonaceae","Asimina triloba","0.47",NA,NA,NA
"Tyson","Cannabaceae","Celtis occidentalis","0.49",NA,NA,NA
"Tyson","Cannabaceae","Celtis tenuifolia","0.49",NA,NA,NA
"Tyson","Ebenaceae","Diospyros virginiana","0.64",NA,NA,NA
"Tyson","Fabaceae","Cercis canadensis","0.63",NA,NA,NA
"Tyson","Fabaceae","Gleditsia triacanthos","0.6",NA,NA,NA
"Tyson","Juglandaceae","Juglans nigra","0.51",NA,NA,NA
"Tyson","Lauraceae","Lindera benzoin","0.5",NA,NA,NA
"Tyson","Moraceae","Morus rubra","0.59",NA,NA,NA
"Tyson","Rhamnaceae","Frangula caroliniana","0.54",NA,NA,NA
"Tyson","Rosaceae","Crataegus sp.","0.62",NA,NA,NA
"Tyson","Rosaceae","Malus ioensis","0.61",NA,NA,NA
"Tyson","Sapindaceae","Acer negundo","0.44",NA,NA,NA
"Tyson","Sapotaceae","Sideroxylon lanuginosum","unk",NA,NA,NA
"Tyson","Simaroubaceae","Ailanthus altissima","0.33",NA,NA,NA
"Tyson","Betulaceae","Ostrya virginiana","0.63",NA,NA,NA
"Tyson","Betulaceae","Ostrya virginiana","0.63",NA,NA,NA
"Tyson","Cornaceae","Cornus drummondii","0.64",NA,NA,NA
"Tyson","Cornaceae","Cornus florida","0.64",NA,NA,NA
"Tyson","Fagaceae","Quercus velutina","0.56",NA,NA,NA
"Tyson","Juglandaceae","Carya cordiformis","0.6",NA,NA,NA
"Tyson","Juglandaceae","Carya glabra","0.66",NA,NA,NA
"Tyson","Juglandaceae","Carya sp.","0.62",NA,NA,NA
"Tyson","Juglandaceae","Carya texana","0.54",NA,NA,NA
"Tyson","Juglandaceae","Carya tomentosa","0.64",NA,NA,NA
"Tyson","Oleaceae","Fraxinus americana","0.51",NA,NA,NA
"Tyson","Rosaceae","Amelanchier arborea","0.66",NA,NA,NA
"Tyson","Rosaceae","Amelanchier arborea","0.66",NA,NA,NA
"Tyson","Rosaceae","Prunus americana","0.47",NA,NA,NA
"Tyson","Rosaceae","Prunus serotina","0.47",NA,NA,NA
"Tyson","Rosaceae","Prunus sp.","0.47",NA,NA,NA
"Tyson","Sapindaceae","Acer rubrum","0.49",NA,NA,NA
"Tyson","Sapindaceae","Acer saccharum","0.56",NA,NA,NA
"UCSC","Asteraceae","Baccharis pilularis","NRA",NA,NA,NA
"UCSC","Ericaceae","Arctostaphylos andersonii","0.72",NA,NA,NA
"UCSC","Ericaceae","Arctostaphylos tomentosa","0.72",NA,NA,NA
"UCSC","Lauraceae","Umbellularia californica","0.47",NA,NA,NA
"UCSC","Pinaceae","Pseudotsuga menziesii","0.45",NA,NA,NA
"UCSC","Adoxaceae","Sambucus nigra","0.5",NA,NA,NA
"UCSC","Aquifoliaceae","Ilex aquifolium","0.5",NA,NA,NA
"UCSC","Betulaceae","Corylus cornuta","0.5",NA,NA,NA
"UCSC","Cupressaceae","Sequoia sempervirens","0.36",NA,NA,NA
"UCSC","Fagaceae","Quercus agrifolia","0.6",NA,NA,NA
"UCSC","Fagaceae","Quercus parvula","0.59",NA,NA,NA
"UCSC","Myricaceae","Morella californica","0.5",NA,NA,NA
"UCSC","Rhamnaceae","Rhamnus californica","0.5",NA,NA,NA
"UCSC","Rosaceae","Cotoneaster franchetii","0.5",NA,NA,NA
"UCSC","Rosaceae","Cotoneaster pannosus","0.5",NA,NA,NA
"UCSC","Rosaceae","Crataegus monogyna","0.62",NA,NA,NA
"UCSC","Rosaceae","Heteromeles arbutifolia","0.5",NA,NA,NA
"UCSC","Rosaceae","Pyracantha angustifolia","0.5",NA,NA,NA
"UCSC","Salicaceae","Salix lasiandra","0.36",NA,NA,NA
"UCSC","Sapindaceae","Acer macrophyllum","0.44",NA,NA,NA
"UCSC","Ericaceae","Arbutus menziesii","0.58",NA,NA,NA
"UCSC","Ericaceae","Arbutus menziesii","0.58",NA,NA,NA
"UCSC","Fagaceae","Lithocarpus densiflorus","0.56",NA,NA,NA
"UCSC","Fagaceae","Lithocarpus densiflorus","0.56",NA,NA,NA
"UCSC","Fagaceae","Lithocarpus densiflorus","0.56",NA,NA,NA
"UCSC","Ericaceae","Arbutus menziesii","0.58",NA,NA,NA
"UCSC","Ericaceae","Vaccinium ovatum","0.47",NA,NA,NA
"UCSC","Rhamnaceae","Ceanothus thyrsiflorus","0.67",NA,NA,NA
"UCSC","Grossulariaceae","Ribes divaricatum","0.73",NA,NA,NA
"UCSC","Myrtaceae","Eucalyptus globulus","0.68",NA,NA,NA
"UCSC","Pinaceae","Pinus attenuata","0.42",NA,NA,NA
"UCSC","Pinaceae","Pinus ponderosa","0.38",NA,NA,NA
"Wabikon","Betulaceae","Betula alleghaniensis","0.55",NA,NA,NA
"Wabikon","Cupressaceae","Thuja occidentalis ","0.29",NA,NA,NA
"Wabikon","Malvaceae","Tilia americana ","0.32",NA,NA,NA
"Wabikon","Pinaceae","Abies balsamea","0.34",NA,NA,NA
"Wabikon","Pinaceae","Larix laricina","0.49",NA,NA,NA
"Wabikon","Pinaceae","Picea glauca","0.37",NA,NA,NA
"Wabikon","Pinaceae","Picea mariana","0.38",NA,NA,NA
"Wabikon","Salicaceae","Populus balsamifera ","0.31",NA,NA,NA
"Wabikon","Ulmaceae","Ulmus americana ","0.46",NA,NA,NA
"Wabikon","Oleaceae","Fraxinus americana ","0.51",NA,NA,NA
"Wabikon","Caprifoliaceae","Lonicera canadensis","NRA",NA,NA,NA
"Wabikon","Malvaceae","Tilia americana ","0.32",NA,NA,NA
"Wabikon","Oleaceae","Fraxinus nigra","0.45",NA,NA,NA
"Wabikon","Adoxaceae","Sambucus racemosa ","0.5",NA,NA,NA
"Wabikon","Aquifoliaceae","Ilex mucronata","0.5",NA,NA,NA
"Wabikon","Aquifoliaceae","Ilex verticillata","0.5",NA,NA,NA
"Wabikon","Betulaceae","Alnus incana","0.37",NA,NA,NA
"Wabikon","Betulaceae","Corylus cornuta","0.5",NA,NA,NA
"Wabikon","Grossulariaceae","Ribes cynosbati ","0.73",NA,NA,NA
"Wabikon","Juglandaceae","Juglans cinerea ","0.36",NA,NA,NA
"Wabikon","Pinaceae","Pinus strobus ","0.34",NA,NA,NA
"Wabikon","Rosaceae","Amelanchier sanguinea ","0.66",NA,NA,NA
"Wabikon","Rosaceae","Malus pumila","0.61",NA,NA,NA
"Wabikon","Rosaceae","Prunus virginiana ","0.47",NA,NA,NA
"Wabikon","Rosaceae","Sorbus americana","0.42",NA,NA,NA
"Wabikon","Thymelaeaceae","Dirca palustris ","0.33",NA,NA,NA
"Wabikon","Aceraceae","Acer rubrum ","0.49",NA,NA,NA
"Wabikon","Aceraceae","Acer rubrum ","0.49",NA,NA,NA
"Wabikon","Aceraceae","Acer spicatum","0.44",NA,NA,NA
"Wabikon","Betulaceae","Betula papyrifera","0.48",NA,NA,NA
"Wabikon","Betulaceae","Ostrya virginiana","0.63",NA,NA,NA
"Wabikon","Betulaceae","Ostrya virginiana","1.63",NA,NA,NA
"Wabikon","Cornaceae","Cornus alternifolia","0.64",NA,NA,NA
"Wabikon","Fagaceae","Quercus rubra ","0.56",NA,NA,NA
"Wabikon","Pinaceae","Tsuga canadensis","0.38",NA,NA,NA
"Wabikon","Rosaceae","Amelanchier laevis","0.66",NA,NA,NA
"Wabikon","Aceraceae","Acer saccharum","0.56",NA,NA,NA
"Wabikon","Oleaceae","Fraxinus americana ","0.51",NA,NA,NA
"Wabikon","Rosaceae","Prunus pensylvanica","0.5",NA,NA,NA
"Wabikon","Rosaceae","Prunus serotina","0.47",NA,NA,NA
"Wabikon","Salicaceae","Populus grandidentata","0.36",NA,NA,NA
"Wabikon","Salicaceae","Populus tremuloides","0.35",NA,NA,NA
"Wind River","Pinaceae","Tsuga heterophylla","0.42",NA,NA,NA
"Wind River","Pinaceae","Abies grandis","0.35",NA,NA,NA
"Wind River","Caprifoliaceae","Lonicera ciliosa","NRA",NA,NA,NA
"Wind River","Rosaceae","Rosa gymnocarpa","NRA",NA,NA,NA
"Wind River","Betulaceae","Alnus rubra","0.37",NA,NA,NA
"Wind River","Pinaceae","Pseudotsuga menziesii","0.45",NA,NA,NA
"Wind River","Sapindaceae","Acer circinatum","NRA",NA,NA,NA
"Wind River","Sapindaceae","Acer glabrum","0.44",NA,NA,NA
"Wind River","Betulaceae","Corylus cornuta","0.5",NA,NA,NA
"Wind River","Cornaceae","Cornus nuttallii","0.58",NA,NA,NA
"Wind River","Ericaceae","Gaultheria shallon","0.5",NA,NA,NA
"Wind River","Ericaceae","Menziesia ferruginea","0.5",NA,NA,NA
"Wind River","Ericaceae","Rhododendron macrophyllum","0.5",NA,NA,NA
"Wind River","Pinaceae","Pinus monticola","0.35",NA,NA,NA
"Wind River","Rhamnaceae","Rhamnus purshiana","0.5",NA,NA,NA
"Wind River","Rosaceae","Amelanchier alnifolia","0.66",NA,NA,NA
"Wind River","Rosaceae","Oemleria cerasiformis","0.5",NA,NA,NA
"Wind River","Taxaceae","Taxus brevifolia","0.6",NA,NA,NA
"Wind River","Ericaceae","Vaccinium membranaceum","0.47",NA,NA,NA
"Wind River","Ericaceae","Vaccinium ovalifolium","0.47",NA,NA,NA
"Wind River","Ericaceae","Vaccinium parvifolium","0.47",NA,NA,NA
"Wind River","Pinaceae","Pseudotsuga menziesii","0.45",NA,NA,NA
"Wind River","Rosaceae","Holodiscus discolor","0.71",NA,NA,NA
"Wind River","Rosaceae","Rubus leucodermis","NRA",NA,NA,NA
"Wind River","Rosaceae","Rubus spectabalis","NRA",NA,NA,NA
"Wind River","Pinaceae","Abies procera","0.37",NA,NA,NA
"Wind River","Pinaceae","Abies procera","0.37",NA,NA,NA
"Wind River","Pinaceae","Abies sp.","0.36",NA,NA,NA
"Wind River","Pinaceae","Abies sp.","0.36",NA,NA,NA
"Wind River","Pinaceae","Abies sp.","0.36",NA,NA,NA
"Wind River","Pinaceae","Abies procera","0.37",NA,NA,NA
"Wind River","Pinaceae","Abies sp.","0.36",NA,NA,NA
"Wind River","Cupressaceae","Thuja plicata","0.31",NA,NA,NA
"Wind River","Cupressaceae","Thuja plicata","0.31",NA,NA,NA
"Wind River","Pinaceae","Abies grandis","0.35",NA,NA,NA
"Wind River","Pinaceae","Abies amabilis","0.4",NA,NA,NA
"Wytham Woods","Fagaceae","Quercus robur","0.53",NA,NA,NA
"Wytham Woods","Oleaceae","Fraxinus excelsior","0.49",NA,NA,NA
"Wytham Woods","Adoxaceae","Sambucus nigra","0.5",NA,NA,NA
"Wytham Woods","Aquifoliaceae","Ilex aquifolium","0.61",NA,NA,NA
"Wytham Woods","Betulaceae","Betula sp.","0.55",NA,NA,NA
"Wytham Woods","Betulaceae","Carpinus betulus","0.53",NA,NA,NA
"Wytham Woods","Betulaceae","Corylus avellana","0.52",NA,NA,NA
"Wytham Woods","Celastraceae","Euonymus europaeus","0.6",NA,NA,NA
"Wytham Woods","Cornaceae","Cornus sanguinea","0.58",NA,NA,NA
"Wytham Woods","Fagaceae","Castanea sativa","0.5",NA,NA,NA
"Wytham Woods","Fagaceae","Fagus sylvatica","0.53",NA,NA,NA
"Wytham Woods","Malvaceae","Tilia x europaea","0.32",NA,NA,NA
"Wytham Woods","Pinaceae","Larix decidua","0.45",NA,NA,NA
"Wytham Woods","Pinaceae","Picea abies","0.32",NA,NA,NA
"Wytham Woods","Pinaceae","Pinus sylvatica","0.53",NA,NA,NA
"Wytham Woods","Pinaceae","Pseudotsuga menziesii","0.45",NA,NA,NA
"Wytham Woods","Rhamnaceae","Frangula alnus","0.59",NA,NA,NA
"Wytham Woods","Rosaceae","Crataegus monogyna","0.62",NA,NA,NA
"Wytham Woods","Rosaceae","Prunus avium","0.48",NA,NA,NA
"Wytham Woods","Rosaceae","Prunus spinosa","0.7",NA,NA,NA
"Wytham Woods","Salicaceae","Salix sp.","0.36",NA,NA,NA
"Wytham Woods","Sapindaceae","Acer campestre","0.53",NA,NA,NA
"Wytham Woods","Taxaceae","Taxus baccata","0.55",NA,NA,NA
"Wytham Woods","Sapindaceae","Acer pseudoplatanus","0.48",NA,NA,NA
"Yosemite","Pinaceae","Pinus lambertiana","0.34",NA,NA,NA
"Yosemite","Pinaceae","Pseudotsuga menziesii","0.45",NA,NA,NA
"Yosemite","Rosaceae","Prunus emarginata","0.47",NA,NA,NA
"Yosemite","Adoxaceae","Sambucus racemosa","0.5",NA,NA,NA
"Yosemite","Betulaceae","Corylus cornuta subsp. californica","0.5",NA,NA,NA
"Yosemite","Cornaceae","Cornus nuttallii","0.58",NA,NA,NA
"Yosemite","Ericaceae","Rhododendron occidentale","0.5",NA,NA,NA
"Yosemite","Rhamnaceae","Rhamnus californica","0.5",NA,NA,NA
"Yosemite","Rosaceae","Prunus emarginata","0.47",NA,NA,NA
"Yosemite","Rosaceae","Prunus virginiana","0.47",NA,NA,NA
"Yosemite","Salicaceae","Salix scouleriana","0.36",NA,NA,NA
"Yosemite","Salicaceae","Salix sp.","0.36",NA,NA,NA
"Yosemite","Pinaceae","Pinus lambertiana","0.34",NA,NA,NA
"Yosemite","Pinaceae","Pseudotsuga menziesii","0.45",NA,NA,NA
"Yosemite","Ericaceae","Arctostaphylos patula","0.72",NA,NA,NA
"Yosemite","Rhamnaceae","Ceanothus cordulatus","0.67",NA,NA,NA
"Yosemite","Rhamnaceae","Ceanothus integerrimus","0.67",NA,NA,NA
"Yosemite","Rhamnaceae","Ceanothus parvifolius","0.67",NA,NA,NA
"Yosemite","Rosaceae","Holodiscus discolor","0.71",NA,NA,NA
"Yosemite","Grossulariaceae","Ribes nevadense","NRA",NA,NA,NA
"Yosemite","Grossulariaceae","Ribes roezlii","NRA",NA,NA,NA
"Yosemite","Pinaceae","Abies concolor","0.37",NA,NA,NA
"Yosemite","Pinaceae","Abies magnifica","0.37",NA,NA,NA
"Yosemite","Pinaceae","Abies concolor","0.37",NA,NA,NA
"Yosemite","Pinaceae","Abies magnifica","0.37",NA,NA,NA
"Yosemite","Pinaceae","Abies sp.","0.36",NA,NA,NA
"Yosemite","Pinaceae","Abies sp.","0.36",NA,NA,NA
"Yosemite","Ericaceae","Leucothoe davisiae","0.405",NA,NA,NA
"Yosemite","Ericaceae","Vaccinium uliginosum","0.47",NA,NA,NA
"Yosemite","Cornaceae","Cornus sericea","0.58",NA,NA,NA
"Yosemite","Fagaceae","Chrysolepis sempervirens","0.42",NA,NA,NA
"Yosemite","Pinaceae","Abies sp.","0.36",NA,NA,NA
"Yosemite","Pinaceae","Abies concolor","0.37",NA,NA,NA
"Yosemite","Pinaceae","Abies magnifica","0.37",NA,NA,NA
"Yosemite","Pinaceae","Abies sp.","0.36",NA,NA,NA
"Yosemite","Cupressaceae","Calocedrus decurrens","0.35",NA,NA,NA
"Yosemite","Pinaceae","Abies concolor","0.37",NA,NA,NA
"Yosemite","Pinaceae","Abies magnifica","0.37",NA,NA,NA
"Yosemite","Pinaceae","Pinus ponderosa","0.38",NA,NA,NA
"Yosemite","Pinaceae","Pinus ponderosa","0.38",NA,NA,NA
"Zofin","Sambucaceae","Sambucus racemosa","0.46",NA,NA,NA
"Zofin","Fagaceae","Fagus sylvatica","0.59",NA,NA,NA
"Zofin","Betulaceae","Betula pandula","0.52",NA,NA,NA
"Zofin","Pinaceae","Abies alba","0.35",NA,NA,NA
"Zofin","Ulmaceae","Ulmus glabra","0.55",NA,NA,NA
"Zofin","Rosaceae","Sorbus aucuparia","0.63",NA,NA,NA
"Zofin","Aceraceae","Acer platanoides","0.51",NA,NA,NA
"Zofin","Aceraceae","Acer pseudoplatanus","0.51",NA,NA,NA
"Zofin","Pinaceae","Picea abies","0.37",NA,NA,NA
"Zofin","Salicaceae","Populus tremula","0.39",NA,NA,NA
"Zofin","Salicaceae","Salix caprea","0.4",NA,NA,NA
