equation_id,biomass_component,equation,allometry_specificity,development_species,geographic_area,dbh_min_cm,dbh_max_cm,n_trees,dbh_units_original,biomass_units_original,allometry_development_method,model_parameters,regression_model,other_equations_tested,log_biomass,bias_corrected,bias_correction_factor,notes_fitting_model,original_data_availability,notes_to_consider,warning,ref_id
NA,Stem and branches (live),a*(DBH^2)^b,Species,NA,"North Carolina, Georgia",14.22,25.91,9,in,lb,harvest,DBH,linear_multiple,yes,10,yes,included in model,"Regression equations were developed to predict green and dry weight and volume of wood and bark combined or wood alone. A logarithmic transformation (base 10) was used to obtain a relatively homogeneous variance. The procedure outlined in Draper and Smith (1981) for fitting two linear equations with a known point of intersection was used. To adjust for bias, a correction factor was computed and applied to each model by using Baskerville's (1972) procedure.",1,NA,NA,NA
NA,Stem and branches (live),a*(DBH^2)^b,Species,NA,"North Carolina, Georgia",29.46,41.66,9,in,lb,harvest,DBH,linear_multiple,yes,10,yes,included in model,"Regression equations were developed to predict green and dry weight and volume of wood and bark combined or wood alone. A logarithmic transformation (base 10) was used to obtain a relatively homogeneous variance. The procedure outlined in Draper and Smith (1981) for fitting two linear equations with a known point of intersection was used. To adjust for bias, a correction factor was computed and applied to each model by using Baskerville's (1972) procedure.",1,NA,NA,NA
NA,Whole tree (above stump),a+b*DBH+c*(DBH^d),Species,NA,North Central States,2.5,40,NA,cm,kg,harvest,DBH,NA,NA,NA,no,NA,NA,NA,NA,NA,NA
NA,Whole tree (above stump),a+b*DBH+c*(DBH^d),Species,Ulmus americana,North Central States,2.5,40,NA,cm,kg,harvest,DBH,NA,NA,NA,no,NA,NA,NA,NA,NA,NA
NA,Whole tree (above stump),a+b*DBH+c*(DBH^d),Species,NA,New York,25,550,NA,mm,kg,harvest,DBH,NA,NA,NA,no,NA,NA,NA,NA,NA,NA
NA,Whole tree (above stump),a+b*DBH+c*(DBH^d),Species,Fraxinus americana,New York,25,550,NA,mm,kg,harvest,DBH,NA,NA,NA,no,NA,NA,NA,NA,NA,NA
NA,Total aboveground biomass,a*DBA^b,Species,NA,Canada,0.18,4.31,NA,cm,g,harvest,DBA,NA,NA,NA,yes,included in model,NA,NA,DBA = basal diameter at 15 cm,NA,NA
NA,Total aboveground biomass,a*DBH^b,Species,NA,Tennessee,14,43,NA,cm,kg,harvest,DBH,NA,NA,NA,no,NA,NA,NA,NA,NA,NA
NA,Stem and branches (live),a*DBH^b,Species,NA,West Virginia,5.08,50.8,NA,in,lb,harvest,DBH,NA,NA,NA,yes,included in model,NA,NA,NA,NA,NA
NA,Stem and branches (live),a*DBH^b,Species,NA,West Virginia,5.08,50.8,NA,in,lb,harvest,DBH,NA,NA,NA,yes,included in model,NA,NA,NA,NA,NA
NA,Stem and branches (live),a*DBH^b,Species,NA,West Virginia,5.08,40.64,NA,in,lb,harvest,DBH,NA,NA,NA,no,NA,NA,NA,NA,NA,NA
NA,Stem and branches (live),a*DBH^b,Species,NA,West Virginia,5.08,50.8,NA,in,lb,harvest,DBH,NA,NA,NA,yes,included in model,NA,NA,NA,NA,NA
NA,Stem and branches (live),a*DBH^b,Species,NA,West Virginia,5.08,50.8,NA,in,lb,harvest,DBH,NA,NA,NA,yes,included in model,NA,NA,NA,NA,NA
NA,Whole tree (above stump),a*DBH^b,Species,NA,West Virginia,5.08,40.64,19,in,lb,harvest,DBH,linear,a+bDBH^2; a+bDBH+DBH^2,no,no,NRA,"Although there are more sophisticated statistical procedures, models providing the best R^ -values (or r^) were accepted and are given with their standard errors and standard errors as a percent of the W-means.",NA,NA,NA,NA
NA,Stem and branches (live),a*DBH^b,Species,NA,West Virginia,5.08,50.8,NA,in,lb,harvest,DBH,NA,NA,NA,yes,0,NA,NA,NA,NA,NA
NA,Stem and branches (live),a*DBH^b,Species,NA,West Virginia,5.08,50.8,NA,in,lb,harvest,DBH,NA,NA,NA,yes,included in model,NA,NA,NA,NA,NA
NA,Stem biomass (wood and bark),exp(a+b*lnDBH),Genus,NA,Tennessee,8.9,25.4,NA,cm,g,harvest,DBH,NA,NA,NA,yes,included in model,NA,NA,NA,NA,NA
NA,Total aboveground biomass,exp(a+b*lnDBH),Mixed hardwood,NA,North America,2.5,56,NA,cm,kg,harvest,DBH,NA,NA,NA,yes,0.36,NA,NA,NA,NA,NA
NA,Total aboveground biomass,exp(a+b*lnDBH),Mixed hardwood,NA,North America,2.5,56,NA,cm,kg,harvest,DBH,NA,NA,NA,yes,0.36,NA,NA,NA,NA,NA
NA,Total aboveground biomass,exp(a+b*lnDBH),Mixed hardwood,NA,North America,2.5,56,NA,cm,kg,harvest,DBH,NA,NA,NA,yes,0.36,NA,NA,NA,NA,NA
NA,Total aboveground biomass,exp(a+b*lnDBH),Mixed hardwood,NA,North America,2.5,56,NA,cm,kg,harvest,DBH,NA,NA,NA,yes,0.36,NA,NA,NA,NA,NA
NA,Total aboveground biomass,exp(a+b*lnDBH),Family,NA,North America,4,42,NA,cm,kg,harvest,DBH,NA,NA,NA,yes,included in model,NA,NA,NA,NA,NA
NA,Total aboveground biomass,exp(a+b*lnDBH),Family,NA,North America,3,64,NA,cm,kg,harvest,DBH,NA,NA,NA,yes,included in model,NA,NA,NA,NA,NA
NA,Total aboveground biomass,exp(a+b*lnDBH),Mixed hardwood,NA,North America,2.5,56,NA,cm,kg,harvest,DBH,NA,NA,NA,yes,0.36,NA,NA,NA,NA,NA
NA,Total aboveground biomass,exp(a+b*lnDBH),Family,NA,North America,3,64,NA,cm,kg,harvest,DBH,NA,NA,NA,yes,included in model,NA,NA,NA,NA,NA
NA,Stem and branches (live),lnbiomass=a+b*DBH+c*(ln(DBH^d)),Species,NA,New Hampshire,1,9,NA,cm,g,harvest,DBH,NA,NA,NA,yes,0,NA,NA,NA,NA,NA
NA,Foliage total,lnbiomass=a+b*DBH+c*(ln(DBH^d)),Species,NA,New Hampshire,1,9,NA,cm,g,harvest,DBH,NA,NA,NA,yes,0,NA,NA,NA,NA,NA
NA,Total aboveground biomass,lnbiomass=a+b*DBH+c*(ln(DBH^d)),Species,NA,Ohio,1.85,7.25,NA,cm,g,harvest,DBH,NA,NA,NA,no,NA,NA,NA,NA,NA,NA
NA,Total aboveground biomass,log10biomass=a+b*(log10(DBH^c)),Species,NA,Ohio,0.55,7.76,34,cm,g,harvest,DBH,linear,NA,yes,yes,1.006,NA,NA,NA,NA,NA
NA,Total aboveground biomass,log10biomass=a+b*(log10(DBH^c)),Genus,NA,North Carolina,8.2,52.3,NA,cm,kg,harvest,DBH,NA,NA,NA,yes,1.005,NA,NA,NA,NA,NA
NA,Total aboveground biomass,log10biomass=a+b*(log10(DBH^c)),Genus,NA,North Carolina,8.2,52.3,NA,cm,kg,harvest,DBH,NA,NA,NA,yes,1.005,NA,NA,NA,NA,NA
NA,Total aboveground biomass,log10biomass=a+b*(log10(DBH^c)),Genus,NA,North Carolina,8.2,52.3,NA,cm,kg,harvest,DBH,NA,NA,NA,yes,1.005,NA,NA,NA,NA,NA
NA,Whole tree (above stump),log10biomass=a+b*(log10(DBH^c)),Species,NA,Ohio,0.4,8.49,NA,cm,g,harvest,DBH,NA,NA,NA,yes,1.004,NA,NA,NA,NA,NA
NA,Total aboveground biomass,log10biomass=a+b*(log10(DBH^c)),Species,NA,Ohio,0.42,8.53,NA,cm,g,harvest,DBH,NA,NA,NA,yes,1.014,NA,NA,NA,NA,NA
NA,Total aboveground biomass,log10biomass=a+b*(log10(DBH^c)),Species,NA,Ohio,0.24,6.72,NA,cm,g,harvest,DBH,NA,NA,NA,yes,1.006,NA,NA,NA,NA,NA
NA,Whole tree (above stump),log10biomass=a+b*(log10(DBH^c)),Species,NA,Ohio,0.5,6.14,NA,cm,g,harvest,DBH,NA,NA,NA,yes,1.015,NA,NA,NA,NA,NA
NA,"Branches total biomass (live, dead)",log10biomass=a+b*(log10(DBH^c)),Genus,NA,Minessota,5,45,NA,in,g,harvest,DBH,NA,NA,NA,no,NA,NA,NA,NA,NA,NA
NA,Foliage total,log10biomass=a+b*(log10(DBH^c)),Genus,NA,Minessota,5,45,NA,in,g,harvest,DBH,NA,NA,NA,no,NA,NA,NA,NA,NA,NA
NA,Total aboveground biomass,log10biomass=a+b*(log10(DBH^c)),Species,NA,Ohio,0.37,6.83,NA,cm,g,harvest,DBH,NA,NA,NA,yes,1.017,NA,NA,NA,NA,NA
NA,Total aboveground biomass,log10biomass=a+b*(log10(DBH^c)),Species,NA,Ohio,0.21,5.73,NA,cm,g,harvest,DBH,NA,NA,NA,yes,1.056,NA,NA,NA,NA,NA
NA,Total aboveground biomass,log10biomass=a+b*(log10(DBH^c)),Species,NA,Ohio,0.19,3.86,NA,cm,g,harvest,DBH,NA,NA,NA,yes,1.016,NA,NA,NA,NA,NA
NA,Total aboveground biomass,a*(DBH^2)^b,Species,Cornus florida,Southeast U.S.,2.54,12.45,NA,in^2,lb,harvest,DBH,NA,NA,NA,no,NA,NA,NA,NA,NA,NA
NA,Total aboveground biomass,a*(DBH^2)^b,Species,NA,Southeast U.S.,2.54,12.45,NA,in^2,lb,harvest,DBH,NA,NA,NA,no,NA,NA,NA,NA,NA,NA
NA,Stem and branches (live),a*(DBH^2)^b,Species,NA,"North Carolina, Georgia",14.22,25.91,9,in,lb,harvest,DBH,linear_multiple,yes,10,yes,included in model,"Regression equations were developed to predict green and dry weight and volume of wood and bark combined or wood alone. A logarithmic transformation (base 10) was used to obtain a relatively homogeneous variance. The procedure outlined in Draper and Smith (1981) for fitting two linear equations with a known point of intersection was used. To adjust for bias, a correction factor was computed and applied to each model by using Baskerville's (1972) procedure.",1,NA,NA,NA
NA,Stem and branches (live),a*(DBH^2)^b,Species,NA,North Carolina,29.46,41.66,9,in,lb,harvest,DBH,linear_multiple,yes,10,yes,included in model,"Regression equations were developed to predict green and dry weight and volume of wood and bark combined or wood alone. A logarithmic transformation (base 10) was used to obtain a relatively homogeneous variance. The procedure outlined in Draper and Smith (1981) for fitting two linear equations with a known point of intersection was used. To adjust for bias, a correction factor was computed and applied to each model by using Baskerville's (1972) procedure.",1,NA,NA,NA
NA,Whole tree (above stump),a*(DBH^2)^b,Species,NA,Piedmont (Southeastern U.S.),5.84,25.4,NA,in,lb,harvest,DBH,NA,NA,NA,yes,included in model,NA,NA,NA,NA,NA
NA,Whole tree (above stump),a*(DBH^2)^b,Species,NA,Piedmont (Southeastern U.S.),27.94,47.75,NA,in,lb,harvest,DBH,NA,NA,NA,yes,included in model,NA,NA,NA,NA,NA
NA,Stem and branches (live),a*(DBH^2)^b,Species,NA,North Carolina,14.48,25.4,NA,in,lb,harvest,DBH,NA,NA,NA,yes,included in model,NA,NA,NA,NA,NA
NA,Stem and branches (live),a*(DBH^2)^b,Species,NA,Piedmont (Southeastern U.S.),27.94,49.53,NA,in,lb,harvest,DBH,NA,NA,NA,yes,included in model,NA,NA,NA,NA,NA
NA,Whole tree (above stump),a*(DBH^2)^b,Genus,NA,Piedmont (Southeastern U.S.),2.54,27.43,NA,in^2,lb,harvest,DBH,NA,NA,NA,yes,included in model,NA,NA,NA,NA,NA
NA,Stem and branches (live),a*(DBH^2)^b,Genus,NA,Piedmont (Southeastern U.S.),2.54,27.43,NA,in,lb,harvest,DBH,NA,NA,NA,yes,included in model,NA,NA,NA,NA,NA
NA,Total aboveground biomass,a*DBA^b,Species,Virburnum lantanoides,Canada,0.28,1.59,NA,cm,g,harvest,DBA,NA,NA,NA,yes,included in model,NA,NA,DBA = basal diameter at 15 cm,NA,NA
NA,Total aboveground biomass,a*DBA^b,Species,Virburnum lantanoides,Canada,0.28,1.59,NA,cm,g,harvest,DBA,NA,NA,NA,yes,included in model,NA,NA,DBA = basal diameter at 15 cm,NA,NA
NA,Total aboveground biomass,a*DBA^b,Species,Virburnum lantanoides,Canada,0.28,1.59,NA,cm,g,harvest,DBA,NA,NA,NA,yes,included in model,NA,NA,DBA = basal diameter at 15 cm,NA,NA
NA,Total aboveground biomass,a*DBA^b,Species,Lonicera canadensis,Canada,0.12,0.69,NA,cm,g,harvest,DBA,NA,NA,NA,yes,included in model,NA,NA,DBA = basal diameter at 15 cm,NA,NA
NA,Total aboveground biomass,a*DBA^b,Species,NA,Canada,0.18,4.31,NA,cm,g,harvest,DBA,NA,NA,NA,yes,included in model,NA,NA,DBA = basal diameter at 15 cm,NA,NA
NA,Total aboveground biomass,a*DBA^b,Genus,NA,Idaho/Montana,0.2,1.2,NA,cm,g,harvest,DBA,NA,NA,NA,yes,included in model,NA,NA,DBA = basal diameter at 15 cm,NA,NA
NA,Total aboveground biomass,a*DBA^b,Species,Rubus idaeus,Idaho/Montana,0.3,0.9,NA,cm,g,harvest,DBA,NA,NA,NA,yes,included in model,NA,NA,DBA = basal diameter at 15 cm,NA,NA
NA,Total aboveground biomass,a*DBA^b,Species,Rubus idaeus,Idaho/Montana,0.3,0.9,NA,cm,g,harvest,DBA,NA,NA,NA,yes,included in model,NA,NA,DBA = basal diameter at 15 cm,NA,NA
NA,Total aboveground biomass,a*DBA^b,Species,Rubus idaeus,Idaho/Montana,0.3,0.9,NA,cm,g,harvest,DBA,NA,NA,NA,yes,included in model,NA,NA,DBA = basal diameter at 15 cm,NA,NA
NA,Stem and branches (live),a*DBH^b,Species,NA,West Virginia,5.08,50.8,NA,in,lb,harvest,DBH,NA,NA,NA,yes,included in model,NA,NA,NA,NA,NA
NA,Stem and branches (live),a*DBH^b,Species,NA,West Virginia,5.08,50.8,NA,in,lb,harvest,DBH,NA,NA,NA,yes,included in model,NA,NA,NA,NA,NA
NA,Stem and branches (live),a*DBH^b,Species,NA,West Virginia,5.08,40.64,NA,in,lb,harvest,DBH,NA,NA,NA,no,NA,NA,NA,NA,NA,NA
NA,Stem and branches (live),a*DBH^b,Species,Quercus prinus,West Virginia,5.08,50.8,NA,in,lb,harvest,DBH,NA,NA,NA,yes,included in model,NA,NA,NA,NA,NA
NA,Stem and branches (live),a*DBH^b,Species,NA,West Virginia,5.08,50.8,NA,in,lb,harvest,DBH,NA,NA,NA,yes,included in model,NA,NA,NA,NA,NA
NA,Stem and branches (live),a*DBH^b,Species,Quercus prinus,West Virginia,5.08,50.8,NA,in,lb,harvest,DBH,NA,NA,NA,yes,included in model,NA,NA,NA,NA,NA
NA,Stem and branches (live),a*DBH^b,Species,NA,West Virginia,5.08,50.8,NA,in,lb,harvest,DBH,NA,NA,NA,yes,included in model,NA,NA,NA,NA,NA
NA,Whole tree (above stump),a*DBH^b,Species,NA,West Virginia,5.08,40.64,19,in,lb,harvest,DBH,linear,a+bDBH^2; a+bDBH+DBH^2,no,no,NRA,"Although there are more sophisticated statistical procedures, models providing the best R^ -values (or r^) were accepted and are given with their standard errors and standard errors as a percent of the W-means.",NA,NA,NA,NA
NA,Total aboveground biomass,10^a*DBH^b,Genus,NA,North Carolina,8.2,52.3,10,cm,kg,harvest,DBH,NA,NA,NA,yes,1.005,NA,NA,NA,NA,NA
NA,Total aboveground biomass,10^a*DBH^b,Genus,NA,North Carolina,8.2,52.3,10,cm,kg,harvest,DBH,NA,NA,NA,yes,1.005,NA,NA,NA,NA,NA
NA,Total aboveground biomass,10^a*DBH^b,Genus,NA,North Carolina,8.2,52.3,10,cm,kg,harvest,DBH,NA,NA,NA,yes,1.005,NA,NA,NA,NA,NA
NA,Total aboveground biomass,10^a*DBH^b,Genus,NA,North Carolina,8.2,52.3,10,cm,kg,harvest,DBH,NA,NA,NA,yes,1.005,NA,NA,NA,NA,NA
NA,Stem and branches (live),a*DBH^b,Species,NA,West Virginia,5.08,50.8,NA,in,lb,harvest,DBH,NA,NA,NA,no,NA,NA,NA,NA,NA,NA
NA,Stem and branches (live),a*DBH^b,Species,NA,West Virginia,5.08,50.8,NA,in,lb,harvest,DBH,NA,NA,NA,yes,included in model,NA,NA,NA,NA,NA
NA,Stem and branches (live),a*DBH^b,Species,NA,West Virginia,5.08,50.8,NA,in,lb,harvest,DBH,NA,NA,NA,no,NA,NA,NA,NA,NA,NA
NA,Total aboveground biomass,a*DBH^b,Species,NA,Upper Great Lakes,4,32,NA,cm,kg,harvest,DBH,NA,NA,NA,yes,included in model,NA,NA,NA,NA,NA
NA,Total aboveground biomass,a*DBH^b,Species,Fraxinus nigra,Gulf and Atlantic Coastal Plains,4,32,NA,cm,kg,harvest,DBH,NA,NA,NA,yes,included in model,NA,NA,NA,NA,NA
NA,Stem and branches (live),a*DBH^b,Species,Prunus serotina,West Virginia,5.08,50.8,NA,in,lb,harvest,DBH,NA,NA,NA,yes,included in model,NA,NA,NA,NA,NA
NA,Stem and branches (live),a*DBH^b,Species,Prunus serotina,West Virginia,5.08,50.8,NA,in,lb,harvest,DBH,NA,NA,NA,yes,included in model,NA,NA,NA,NA,NA
NA,Stem and branches (live),a*DBH^b,Species,NA,West Virginia,5.08,50.8,NA,in,lb,harvest,DBH,NA,NA,NA,yes,included in model,NA,NA,NA,NA,NA
NA,Stem biomass (wood and bark),exp(a+b*lnDBH),Genus,NA,Tennessee,8.9,25.4,NA,cm,g,harvest,DBH,NA,NA,NA,yes,included in model,NA,NA,NA,NA,NA
NA,Total aboveground biomass,exp(a+b*lnDBH),Family,NA,North America,3,66,NA,cm,kg,harvest,DBH,NA,NA,NA,yes,included in model,NA,NA,NA,NA,NA
NA,Total aboveground biomass,exp(a+b*lnDBH),Family,NA,North America,3,66,NA,cm,kg,harvest,DBH,NA,NA,NA,yes,included in model,NA,NA,NA,NA,NA
NA,Total aboveground biomass,exp(a+b*lnDBH),Species,NA,Eastern U.S.,1,55,NA,cm,g,harvest,DBH,NA,NA,NA,no,NA,NA,NA,NA,NA,NA
NA,Total aboveground biomass,exp(a+b*lnDBH),Mixed hardwood,NA,North America,2.5,56,NA,cm,kg,harvest,DBH,NA,NA,NA,yes,0.36,NA,NA,NA,NA,NA
NA,Total aboveground biomass,exp(a+b*lnDBH),Mixed hardwood,NA,North America,2.5,56,NA,cm,kg,harvest,DBH,NA,NA,NA,yes,0.36,NA,NA,NA,NA,NA
NA,Total aboveground biomass,exp(a+b*lnDBH),Family,NA,North America,3,64,NA,cm,kg,harvest,DBH,NA,NA,NA,yes,included in model,NA,NA,NA,NA,NA
NA,Total aboveground biomass,exp(a+b*lnDBH),Mixed hardwood,NA,North America,2.5,56,NA,cm,kg,harvest,DBH,NA,NA,NA,yes,0.36,NA,NA,NA,NA,NA
NA,Total aboveground biomass,exp(a+b*lnDBH),Mixed hardwood,NA,North America,2.5,56,NA,cm,kg,harvest,DBH,NA,NA,NA,yes,0.36,NA,NA,NA,NA,NA
NA,Total aboveground biomass,exp(a+b*lnDBH),Mixed hardwood,NA,North America,2.5,56,NA,cm,kg,harvest,DBH,NA,NA,NA,yes,0.36,NA,NA,NA,NA,NA
NA,Total aboveground biomass,exp(a+b*lnDBH),Mixed hardwood,NA,North America,2.5,56,NA,cm,kg,harvest,DBH,NA,NA,NA,yes,0.36,NA,NA,NA,NA,NA
NA,Total aboveground biomass,exp(a+b*lnDBH),Mixed hardwood,NA,North America,2.5,56,NA,cm,kg,harvest,DBH,NA,NA,NA,yes,0.36,NA,NA,NA,NA,NA
NA,Total aboveground biomass,exp(a+b*lnDBH),Mixed hardwood,NA,North America,2.5,56,NA,cm,kg,harvest,DBH,NA,NA,NA,yes,0.36,NA,NA,NA,NA,NA
NA,Total aboveground biomass,exp(a+b*lnDBH),Mixed hardwood,NA,North America,2.5,56,NA,cm,kg,harvest,DBH,NA,NA,NA,yes,0.36,NA,NA,NA,NA,NA
NA,Total aboveground biomass,exp(a+b*lnDBH),Family,NA,North America,4,42,NA,cm,kg,harvest,DBH,NA,NA,NA,yes,included in model,NA,NA,NA,NA,NA
NA,Total aboveground biomass,exp(a+b*lnDBH),Family,NA,North America,3,89,NA,cm,kg,harvest,DBH,NA,NA,NA,yes,included in model,NA,NA,NA,NA,NA
NA,Total aboveground biomass,exp(a+b*lnDBH),Family,NA,North America,4,42,NA,cm,kg,harvest,DBH,NA,NA,NA,yes,included in model,NA,NA,NA,NA,NA
NA,Total aboveground biomass,exp(a+b*lnDBH),Family,NA,North America,4,42,NA,cm,kg,harvest,DBH,NA,NA,NA,yes,included in model,NA,NA,NA,NA,NA
NA,Total aboveground biomass,exp(a+b*lnDBH),Family,NA,North America,3,64,NA,cm,kg,harvest,DBH,NA,NA,NA,yes,included in model,NA,NA,NA,NA,NA
NA,Total aboveground biomass,exp(a+b*lnDBH),Mixed hardwood,NA,North America,2.5,56,NA,cm,kg,harvest,DBH,NA,NA,NA,yes,0.36,NA,NA,NA,NA,NA
NA,Total aboveground biomass,exp(a+b*lnDBH),Mixed hardwood,NA,North America,2.5,56,NA,cm,kg,harvest,DBH,NA,NA,NA,yes,0.36,NA,NA,NA,NA,NA
NA,Total aboveground biomass,exp(a+b*lnDBH),Species,Pinus strobus,Eastern U.S.,1,55,NA,cm,g,harvest,DBH,NA,NA,NA,no,NA,NA,NA,NA,NA,NA
NA,Total aboveground biomass,exp(a+b*lnDBH),Species,NA,Eastern U.S.,1,55,NA,cm,g,harvest,DBH,NA,NA,NA,no,NA,NA,NA,NA,NA,NA
NA,Total aboveground biomass,exp(a+b*lnDBH),Family,NA,North America,3,64,NA,cm,kg,harvest,DBH,NA,NA,NA,yes,included in model,NA,NA,NA,NA,NA
NA,Total aboveground biomass,exp(a+b*lnDBH),Mixed hardwood,NA,North America,2.5,56,NA,cm,kg,harvest,DBH,NA,NA,NA,yes,0.36,NA,NA,NA,NA,NA
NA,Whole tree (above stump),log10biomass=a+b*(log10(DBH^c)),Species,NA,Ohio,0.4,8.49,NA,cm,g,harvest,DBH,NA,NA,NA,yes,1.004,NA,NA,NA,NA,NA
NA,Total aboveground biomass,log10biomass=a+b*(log10(DBH^c)),Species,Pinus taeda,North Carolina,3.5,35.6,NA,cm,g,harvest,DBH,NA,NA,NA,no,NA,NA,NA,NA,NA,NA
NA,"Branches total biomass (live, dead)",log10biomass=a+b*(log10(DBH^c)),Genus,NA,Minessota,5,45,NA,in,g,harvest,DBH,NA,NA,NA,no,NA,NA,NA,NA,NA,NA
NA,Foliage total,log10biomass=a+b*(log10(DBH^c)),Genus,NA,Minessota,5,45,NA,in,g,harvest,DBH,NA,NA,NA,no,NA,NA,NA,NA,NA,NA
NA,Whole tree (above stump),10^a*(DBH^2)^b,Species,NA,Ohio,0.4,8.49,NA,cm,g,harvest,DBH,NA,NA,NA,yes,1.004,NA,NA,NA,NA,NA
NA,Total aboveground biomass,10^a*DBH^b,Genus,NA,North Carolina,8.2,52.3,10,cm,kg,harvest,DBH,NA,NA,NA,yes,1.005,NA,NA,NA,NA,NA
NA,Total aboveground biomass,10^a*DBH^b,Genus,NA,North Carolina,8.2,52.3,10,cm,kg,harvest,DBH,NA,NA,NA,yes,1.005,NA,NA,NA,NA,NA
NA,Total aboveground biomass,10^a*DBH^b,Genus,NA,North Carolina,8.2,52.3,10,cm,kg,harvest,DBH,NA,NA,NA,yes,1.005,NA,NA,NA,NA,NA
NA,Whole tree (above stump),a*(DBH^2)^b,Species,NA,Gulf and Atlantic Coastal Plains,28.45,50.8,NA,in,lb,harvest,DBH,NA,NA,NA,yes,included in model,NA,NA,NA,NA,NA
NA,Total aboveground biomass,a*(DBH^2)^b,Species,NA,Southeast U.S.,2.54,12.45,NA,in^2,lb,harvest,DBH,NA,NA,NA,no,NA,NA,NA,NA,NA,NA
NA,Whole tree (above stump),a*(DBH^2)^b,Species,NA,Piedmont (Southeastern U.S.),5.84,25.4,NA,in,lb,harvest,DBH,NA,NA,NA,yes,included in model,NA,NA,NA,NA,NA
NA,Whole tree (above stump),a*(DBH^2)^b,Species,NA,Piedmont (Southeastern U.S.),27.94,47.75,NA,in,lb,harvest,DBH,NA,NA,NA,yes,included in model,NA,NA,NA,NA,NA
NA,Total aboveground biomass,a*(DBH^2)^b,Species,NA,Southeast U.S.,3.3,11.94,NA,in,lb,harvest,DBH,NA,NA,NA,no,NA,NA,NA,NA,NA,NA
NA,Total aboveground biomass,a*(DBH^2)^b,Species,NA,Southeast U.S.,4.06,12.45,NA,in^2,lb,harvest,DBH,NA,NA,NA,no,NA,NA,NA,NA,NA,NA
NA,Whole tree (above stump),a*(DBH^2)^b,Species,NA,Gulf and Atlantic Coastal Plains,2.54,27.69,NA,in,lb,harvest,DBH,NA,NA,NA,yes,included in model,NA,NA,NA,NA,NA
NA,Whole tree (above stump),a*(DBH^2)^b,Species,NA,Piedmont (Southeastern U.S.),4.83,23.88,NA,in,lb,harvest,DBH,NA,NA,NA,yes,included in model,NA,NA,NA,NA,NA
NA,Whole tree (above stump),a*(DBH^2)^b,Species,NA,Piedmont (Southeastern U.S.),24.94,49.53,NA,in,lb,harvest,DBH,NA,NA,NA,yes,included in model,NA,NA,NA,NA,NA
NA,Whole tree (above stump),a*(DBH^2)^b,Genus,NA,Piedmont (Southeastern U.S.),2.54,27.43,NA,in^2,lb,harvest,DBH,NA,NA,NA,yes,included in model,NA,NA,NA,NA,NA
NA,Stem and branches (live),a*(DBH^2)^b,Genus,NA,Piedmont (Southeastern U.S.),2.54,27.43,NA,in,lb,harvest,DBH,NA,NA,NA,yes,included in model,NA,NA,NA,NA,NA
NA,Stem and branches (live),a+b*DBH,Species,NA,New Hampshire,1.6,10,NA,cm,g,harvest,DBH,NA,NA,NA,no,NA,NA,NA,NA,NA,NA
NA,Whole tree (above stump),a+b*DBH+c*(DBH^d),Species,NA,New York,25,550,NA,mm,kg,harvest,DBH,NA,NA,NA,no,NA,NA,NA,NA,NA,NA
NA,Total aboveground biomass,a*DBA^b,Species,Virburnum lantanoides,Canada,0.28,1.59,NA,cm,g,harvest,DBA,NA,NA,NA,yes,included in model,NA,NA,DBA = basal diameter at 15 cm,NA,NA
NA,Total aboveground biomass,a*DBA^b,Species,Virburnum lantanoides,Canada,0.28,1.59,NA,cm,g,harvest,DBA,NA,NA,NA,yes,included in model,NA,NA,DBA = basal diameter at 15 cm,NA,NA
NA,Total aboveground biomass,a*DBA^b,Species,Virburnum lantanoides,Canada,0.28,1.59,NA,cm,g,harvest,DBA,NA,NA,NA,yes,included in model,NA,NA,DBA = basal diameter at 15 cm,NA,NA
NA,Total aboveground biomass,a*DBA^b,Species,Lonicera canadensis,Canada,0.12,0.69,NA,cm,g,harvest,DBA,NA,NA,NA,yes,included in model,NA,NA,DBA = basal diameter at 15 cm,NA,NA
NA,Total aboveground biomass,a*DBA^b,Genus,NA,Idaho/Montana,0.2,1.2,NA,cm,kg,harvest,DBA,NA,NA,NA,yes,included in model,NA,NA,DBA = basal diameter at 15 cm,NA,NA
NA,Total aboveground biomass,a*DBH^b,Species,NA,Tennessee,14,43,NA,cm,kg,harvest,DBH,NA,NA,NA,no,NA,NA,NA,NA,NA,NA
NA,Stem and branches (live),a*DBH^b,Species,Quercus prinus,West Virginia,5.08,50.8,NA,in,lb,harvest,DBH,NA,NA,NA,yes,included in model,NA,NA,NA,NA,NA
NA,Stem biomass (wood and bark),exp(a+b*lnDBH),Genus,NA,Tennessee,8.9,25.4,NA,cm,g,harvest,DBH,NA,NA,NA,yes,included in model,NA,NA,NA,NA,NA
NA,Stem biomass (wood and bark),exp(a+b*lnDBH),Genus,NA,Tennessee,8.9,25.4,NA,cm,g,harvest,DBH,NA,NA,NA,yes,included in model,NA,NA,NA,NA,NA
NA,Total aboveground biomass,exp(a+b*lnDBH),Family,NA,North America,3,66,NA,cm,kg,harvest,DBH,NA,NA,NA,yes,included in model,NA,NA,NA,NA,NA
NA,Total aboveground biomass,exp(a+b*lnDBH),Species,NA,Eastern U.S.,1,55,NA,cm,g,harvest,DBH,NA,NA,NA,no,NA,NA,NA,NA,NA,NA
NA,Total aboveground biomass,exp(a+b*lnDBH),Mixed hardwood,NA,North America,2.5,56,NA,cm,kg,harvest,DBH,NA,NA,NA,yes,0.36,NA,NA,NA,NA,NA
NA,Total aboveground biomass,exp(a+b*lnDBH),Mixed hardwood,NA,North America,2.5,56,NA,cm,kg,harvest,DBH,NA,NA,NA,yes,0.36,NA,NA,NA,NA,NA
NA,Total aboveground biomass,exp(a+b*lnDBH),Mixed hardwood,NA,North America,2.5,56,NA,cm,kg,harvest,DBH,NA,NA,NA,yes,0.36,NA,NA,NA,NA,NA
NA,Total aboveground biomass,exp(a+b*lnDBH),Family,NA,North America,3,64,NA,cm,kg,harvest,DBH,NA,NA,NA,yes,included in model,NA,NA,NA,NA,NA
NA,Total aboveground biomass,exp(a+b*lnDBH),Family,NA,North America,3,64,NA,cm,kg,harvest,DBH,NA,NA,NA,yes,included in model,NA,NA,NA,NA,NA
NA,Total aboveground biomass,exp(a+b*lnDBH),Mixed hardwood,NA,North America,2.5,56,NA,cm,kg,harvest,DBH,NA,NA,NA,yes,0.36,NA,NA,NA,NA,NA
NA,Total aboveground biomass,exp(a+b*lnDBH),Mixed hardwood,NA,North America,2.5,56,NA,cm,kg,harvest,DBH,NA,NA,NA,yes,0.36,NA,NA,NA,NA,NA
NA,Total aboveground biomass,exp(a+b*lnDBH),Mixed hardwood,NA,North America,2.5,56,NA,cm,kg,harvest,DBH,NA,NA,NA,yes,0.36,NA,NA,NA,NA,NA
NA,Total aboveground biomass,exp(a+b*lnDBH),Mixed hardwood,NA,North America,2.5,56,NA,cm,kg,harvest,DBH,NA,NA,NA,yes,0.36,NA,NA,NA,NA,NA
NA,Total aboveground biomass,exp(a+b*lnDBH),Mixed hardwood,NA,North America,2.5,56,NA,cm,kg,harvest,DBH,NA,NA,NA,yes,0.36,NA,NA,NA,NA,NA
NA,Total aboveground biomass,exp(a+b*lnDBH),Family,NA,North America,3,64,NA,cm,kg,harvest,DBH,NA,NA,NA,yes,included in model,NA,NA,NA,NA,NA
NA,Total aboveground biomass,exp(a+b*lnDBH),Family,NA,North America,3,64,NA,cm,kg,harvest,DBH,NA,NA,NA,yes,included in model,NA,NA,NA,NA,NA
NA,Total aboveground biomass,exp(a+b*lnDBH),Family,NA,North America,3,64,NA,cm,kg,harvest,DBH,NA,NA,NA,yes,included in model,NA,NA,NA,NA,NA
NA,Total aboveground biomass,exp(a+b*lnDBH),Family,NA,North America,3,64,NA,cm,kg,harvest,DBH,NA,NA,NA,yes,included in model,NA,NA,NA,NA,NA
NA,Total aboveground biomass,exp(a+b*lnDBH),Family,NA,North America,3,89,NA,cm,kg,harvest,DBH,NA,NA,NA,yes,included in model,NA,NA,NA,NA,NA
NA,Total aboveground biomass,exp(a+b*lnDBH),Family,NA,North America,4,42,NA,cm,kg,harvest,DBH,NA,NA,NA,yes,included in model,NA,NA,NA,NA,NA
NA,Total aboveground biomass,exp(a+b*lnDBH),Species,Quercus rubra,Eastern U.S.,2.5,55,NA,cm,g,harvest,DBH,NA,NA,NA,no,NA,NA,NA,NA,NA,NA
NA,Total aboveground biomass,exp(a+b*lnDBH),Species,NA,Eastern U.S.,2.5,55,NA,cm,g,harvest,DBH,NA,NA,NA,no,NA,NA,NA,NA,NA,NA
NA,Total aboveground biomass,exp(a+b*lnDBH),Family,NA,North America,3,89,NA,cm,kg,harvest,DBH,NA,NA,NA,yes,included in model,NA,NA,NA,NA,NA
NA,Whole tree (above stump),exp(a+b*lnDBH),Species,NA,Rhode Island,7.62,30.48,26,in,kg,harvest,DBH,"linear, multiple and stepwise",NA,no,no,NA,"Linear regressions for species were tested for differences in slope and level according to Freese (1967) . Differences were found to be not significant, and data were combined to produce a single regression applicable to all species.",NA,NA,NA,NA
NA,Total aboveground biomass,exp(a+b*lnDBH),Family,NA,North America,4,42,NA,cm,kg,harvest,DBH,NA,NA,NA,yes,included in model,NA,NA,NA,NA,NA
NA,Total aboveground biomass,exp(a+b*lnDBH),Family,NA,North America,3,64,NA,cm,kg,harvest,DBH,NA,NA,NA,yes,included in model,NA,NA,NA,NA,NA
NA,Total aboveground biomass,exp(a+b*lnDBH),Mixed hardwood,NA,North America,2.5,56,NA,cm,kg,harvest,DBH,NA,NA,NA,yes,0.36,NA,NA,NA,NA,NA
NA,Total aboveground biomass,exp(a+b*lnDBH),Mixed hardwood,NA,North America,2.5,56,NA,cm,kg,harvest,DBH,NA,NA,NA,yes,0.36,NA,NA,NA,NA,NA
NA,Total aboveground biomass,exp(a+b*lnDBH),Mixed hardwood,NA,North America,2.5,56,NA,cm,kg,harvest,DBH,NA,NA,NA,yes,0.36,NA,NA,NA,NA,NA
NA,Total aboveground biomass,exp(a+b*lnDBH),Mixed hardwood,NA,North America,2.5,56,NA,cm,kg,harvest,DBH,NA,NA,NA,yes,0.36,NA,NA,NA,NA,NA
NA,Total aboveground biomass,exp(a+b*lnDBH),Family,NA,North America,3,70,NA,cm,kg,harvest,DBH,NA,NA,NA,yes,included in model,NA,NA,NA,NA,NA
NA,Total aboveground biomass,exp(a+b*lnDBH),Mixed hardwood,NA,North America,2.5,56,NA,cm,kg,harvest,DBH,NA,NA,NA,yes,0.36,NA,NA,NA,NA,NA
NA,Total aboveground biomass,exp(a+b*lnDBH),Mixed hardwood,NA,North America,2.5,56,NA,cm,kg,harvest,DBH,NA,NA,NA,yes,0.36,NA,NA,NA,NA,NA
NA,Total aboveground biomass,log10biomass=a+b*(log10(DBH^c)),Species,NA,New Hampshire,1,63,NA,cm,g,harvest,DBH,NA,NA,NA,no,NA,NA,NA,NA,NA,NA
NA,Total aboveground biomass,log10biomass=a+b*(log10(DBH^c)),Species,NA,North Carolina,7,63,NA,cm,kg,harvest,DBH,NA,NA,NA,yes,included in model,NA,NA,NA,NA,NA
NA,Total aboveground biomass,log10biomass=a+b*(log10(DBH^c)),Species,NA,North Carolina,15,43.3,NA,cm,kg,harvest,DBH,NA,NA,NA,yes,1.003,NA,NA,NA,NA,NA
NA,Total aboveground biomass,log10biomass=a+b*(log10(DBH^c)),Species,NA,North Carolina,10.6,57.5,NA,cm,kg,harvest,DBH,NA,NA,NA,yes,1.013,NA,NA,NA,NA,NA
NA,Total aboveground biomass,10^a*DBH^b,Genus,NA,North Carolina,8.2,52.3,10,cm,kg,harvest,DBH,NA,NA,NA,yes,1.005,NA,NA,NA,NA,NA
NA,Total aboveground biomass,log10biomass=a+b*(log10(DBH^c)),Species,NA,North Carolina,10.2,55.8,NA,cm,kg,harvest,DBH,NA,NA,NA,yes,1.008,NA,NA,NA,NA,NA
NA,Total aboveground biomass,log10biomass=a+b*(log10(DBH^c)),Species,NA,North Carolina,3.5,35.6,NA,cm,g,harvest,DBH,NA,NA,NA,no,NA,NA,NA,NA,NA,NA
NA,Total aboveground biomass,log10biomass=a+b*(log10(DBH^c)),Species,Pinus taeda,North Carolina,3.5,35.6,NA,cm,g,harvest,DBH,NA,NA,NA,no,NA,NA,NA,NA,NA,NA
NA,"Branches total biomass (live, dead)",log10biomass=a+b*(log10(DBH^c)),Genus,NA,Minessota,5,45,NA,in,g,harvest,DBH,NA,NA,NA,no,NA,NA,NA,NA,NA,NA
NA,Foliage total,log10biomass=a+b*(log10(DBH^c)),Genus,NA,Minessota,5,45,NA,in,g,harvest,DBH,NA,NA,NA,no,NA,NA,NA,NA,NA,NA
NA,"Branches total biomass (live, dead)",log10biomass=a+b*(log10(DBH^c)),Genus,NA,Minessota,5,45,NA,in,g,harvest,DBH,NA,NA,NA,no,NA,NA,NA,NA,NA,NA
NA,Foliage total,log10biomass=a+b*(log10(DBH^c)),Genus,NA,Minessota,5,45,NA,in,g,harvest,DBH,NA,NA,NA,no,NA,NA,NA,NA,NA,NA
NA,Total aboveground biomass,log10biomass=a+b*(log10(DBH^c)),Species,Prunus serotina,Ohio,0.37,6.83,NA,cm,g,harvest,DBH,NA,NA,NA,yes,1.017,NA,NA,NA,NA,NA
NA,Total aboveground biomass,log10biomass=a+b*(log10(DBH^c)),Species,NA,Ohio,0.37,6.83,NA,cm,g,harvest,DBH,NA,NA,NA,yes,1.017,NA,NA,NA,NA,NA
NA,Total aboveground biomass,log10biomass=a+b*(log10(DBH^c)),Species,NA,Ohio,0.68,7.49,NA,cm,g,harvest,DBH,NA,NA,NA,yes,1.012,NA,NA,NA,NA,NA
NA,Whole tree (above stump),10^a*(DBH^2)^b,Species,NA,Ohio,0.4,8.49,NA,cm,g,harvest,DBH,NA,NA,NA,yes,1.004,NA,NA,NA,NA,NA
NA,Whole tree (above stump),a*(DBH^2)^b,Species,NA,Piedmont (Southeastern U.S.),24.94,49.53,NA,in,lb,harvest,DBH,NA,NA,NA,yes,included in model,NA,NA,NA,NA,NA
NA,Whole tree (above stump),a+b*DBH+c*(DBH^d),Species,Ulmus americana,North Central States,2.5,40,NA,cm,kg,harvest,DBH,NA,NA,NA,no,NA,NA,NA,NA,NA,NA
NA,Whole tree (above stump),a+b*DBH+c*(DBH^d),Species,NA,New York,25,550,NA,mm,kg,harvest,DBH,NA,NA,NA,no,NA,NA,NA,NA,NA,NA
NA,Total aboveground biomass,a*DBA^b,Species,Lonicera canadensis,Canada,0.12,0.69,NA,cm,g,harvest,DBA,NA,NA,NA,yes,included in model,NA,NA,DBA = basal diameter at 15 cm,NA,NA
NA,Total aboveground biomass,a*DBH^b,Species,NA,Tennessee,14,43,NA,cm,kg,harvest,DBH,NA,NA,NA,no,NA,NA,NA,NA,NA,NA
NA,Stem and branches (live),a*DBH^b,Species,NA,West Virginia,5.08,50.8,NA,in,lb,harvest,DBH,NA,NA,NA,yes,included in model,NA,NA,NA,NA,NA
NA,Stem and branches (live),a*DBH^b,Species,Quercus rubra,West Virginia,5.08,50.8,NA,in,lb,harvest,DBH,NA,NA,NA,yes,included in model,NA,NA,NA,NA,NA
NA,Stem and branches (live),a*DBH^b,Species,NA,West Virginia,5.08,50.8,NA,in,lb,harvest,DBH,NA,NA,NA,yes,included in model,NA,NA,NA,NA,NA
NA,Stem and branches (live),a*DBH^b,Species,NA,West Virginia,5.08,50.8,NA,in,lb,harvest,DBH,NA,NA,NA,yes,included in model,NA,NA,NA,NA,NA
NA,Stem and branches (live),a*DBH^b,Species,NA,West Virginia,5.08,50.8,NA,in,lb,harvest,DBH,NA,NA,NA,yes,included in model,NA,NA,NA,NA,NA
NA,Stem and branches (live),a*DBH^b,Species,NA,West Virginia,5.08,50.8,NA,in,lb,harvest,DBH,NA,NA,NA,yes,included in model,NA,NA,NA,NA,NA
NA,Whole tree (above stump),a*DBH^b,Species,NA,West Virginia,5.08,40.64,19,in,lb,harvest,DBH,linear,a+bDBH^2; a+bDBH+DBH^2,no,no,NRA,"Although there are more sophisticated statistical procedures, models providing the best R^ -values (or r^) were accepted and are given with their standard errors and standard errors as a percent of the W-means.",NA,NA,NA,NA
NA,Stem and branches (live),a*DBH^b,Species,NA,West Virginia,5.08,50.8,NA,in,lb,harvest,DBH,NA,NA,NA,yes,0,NA,NA,NA,NA,NA
NA,Stem and branches (live),a*DBH^b,Species,NA,West Virginia,5.08,50.8,NA,in,lb,harvest,DBH,NA,NA,NA,yes,included in model,NA,NA,NA,NA,NA
NA,Stem biomass (wood and bark),exp(a+b*lnDBH),Genus,NA,Tennessee,8.9,25.4,NA,cm,g,harvest,DBH,NA,NA,NA,yes,included in model,NA,NA,NA,NA,NA
NA,Total aboveground biomass,exp(a+b*lnDBH),Mixed hardwood,NA,North America,2.5,56,NA,cm,kg,harvest,DBH,NA,NA,NA,yes,0.36,NA,NA,NA,NA,NA
NA,Total aboveground biomass,exp(a+b*lnDBH),Mixed hardwood,NA,North America,2.5,56,NA,cm,kg,harvest,DBH,NA,NA,NA,yes,0.36,NA,NA,NA,NA,NA
NA,Total aboveground biomass,exp(a+b*lnDBH),Mixed hardwood,NA,North America,2.5,56,NA,cm,kg,harvest,DBH,NA,NA,NA,yes,0.36,NA,NA,NA,NA,NA
NA,Total aboveground biomass,exp(a+b*lnDBH),Mixed hardwood,NA,North America,2.5,56,NA,cm,kg,harvest,DBH,NA,NA,NA,yes,0.36,NA,NA,NA,NA,NA
NA,Total aboveground biomass,exp(a+b*lnDBH),Family,NA,North America,4,42,NA,cm,kg,harvest,DBH,NA,NA,NA,yes,included in model,NA,NA,NA,NA,NA
NA,Total aboveground biomass,exp(a+b*lnDBH),Family,NA,North America,4,42,NA,cm,kg,harvest,DBH,NA,NA,NA,yes,included in model,NA,NA,NA,NA,NA
NA,Total aboveground biomass,exp(a+b*lnDBH),Family,NA,North America,4,42,NA,cm,kg,harvest,DBH,NA,NA,NA,yes,included in model,NA,NA,NA,NA,NA
NA,Total aboveground biomass,exp(a+b*lnDBH),Family,NA,North America,3,64,NA,cm,kg,harvest,DBH,NA,NA,NA,yes,included in model,NA,NA,NA,NA,NA
NA,Total aboveground biomass,exp(a+b*lnDBH),Mixed hardwood,NA,North America,2.5,56,NA,cm,kg,harvest,DBH,NA,NA,NA,yes,0.36,NA,NA,NA,NA,NA
NA,Total aboveground biomass,exp(a+b*lnDBH),Mixed hardwood,NA,North America,2.5,56,NA,cm,kg,harvest,DBH,NA,NA,NA,yes,0.36,NA,NA,NA,NA,NA
NA,Total aboveground biomass,exp(a+b*lnDBH),Family,NA,North America,3,64,NA,cm,kg,harvest,DBH,NA,NA,NA,yes,included in model,NA,NA,NA,NA,NA
NA,Total aboveground biomass,exp(a+b*lnDBH),Family,NA,North America,3,64,NA,cm,kg,harvest,DBH,NA,NA,NA,yes,included in model,NA,NA,NA,NA,NA
NA,Total aboveground biomass,exp(a+b*lnDBH),Family,NA,North America,3,66,NA,cm,kg,harvest,DBH,NA,NA,NA,yes,included in model,NA,NA,NA,NA,NA
NA,Total aboveground biomass,exp(a+b*lnDBH),Mixed hardwood,NA,North America,2.5,56,NA,cm,kg,harvest,DBH,NA,NA,NA,yes,0.36,NA,NA,NA,NA,NA
NA,Total aboveground biomass,exp(a+b*lnDBH),Mixed hardwood,NA,North America,2.5,56,NA,cm,kg,harvest,DBH,NA,NA,NA,yes,0.36,NA,NA,NA,NA,NA
NA,Stem and branches (live),lnbiomass=a+b*DBH+c*(ln(DBH^d)),Species,NA,New Hampshire,1,9,NA,cm,g,harvest,DBH,NA,NA,NA,yes,0,NA,NA,NA,NA,NA
NA,Foliage total,lnbiomass=a+b*DBH+c*(ln(DBH^d)),Species,NA,New Hampshire,1,9,NA,cm,g,harvest,DBH,NA,NA,NA,yes,0,NA,NA,NA,NA,NA
NA,Total aboveground biomass,lnbiomass=a+b*DBH+c*(ln(DBH^d)),Species,Cornus florida,Ohio,1.85,7.25,NA,cm,g,harvest,DBH,NA,NA,NA,no,NA,NA,NA,NA,NA,NA
NA,Total aboveground biomass,lnbiomass=a+b*DBH+c*(ln(DBH^d)),Species,NA,Ohio,1.85,7.25,NA,cm,g,harvest,DBH,NA,NA,NA,no,NA,NA,NA,NA,NA,NA
NA,Total aboveground biomass,log10biomass=a+b*(log10(DBH^c)),Species,NA,Ohio,0.55,7.76,34,cm,g,harvest,DBH,linear,NA,yes,yes,1.006,NA,NA,NA,NA,NA
NA,Total aboveground biomass,log10biomass=a+b*(log10(DBH^c)),Genus,NA,North Carolina,8.2,52.3,NA,cm,kg,harvest,DBH,NA,NA,NA,yes,1.005,NA,NA,NA,NA,NA
NA,Total aboveground biomass,log10biomass=a+b*(log10(DBH^c)),Genus,NA,North Carolina,8.2,52.3,NA,cm,kg,harvest,DBH,NA,NA,NA,yes,1.005,NA,NA,NA,NA,NA
NA,Total aboveground biomass,log10biomass=a+b*(log10(DBH^c)),Genus,NA,North Carolina,8.2,52.3,NA,cm,kg,harvest,DBH,NA,NA,NA,yes,1.005,NA,NA,NA,NA,NA
NA,Total aboveground biomass,log10biomass=a+b*(log10(DBH^c)),Genus,NA,North Carolina,8.2,52.3,NA,cm,kg,harvest,DBH,NA,NA,NA,yes,1.005,NA,NA,NA,NA,NA
NA,Total aboveground biomass,log10biomass=a+b*(log10(DBH^c)),Genus,NA,North Carolina,8.2,52.3,NA,cm,kg,harvest,DBH,NA,NA,NA,yes,1.005,NA,NA,NA,NA,NA
NA,Whole tree (above stump),log10biomass=a+b*(log10(DBH^c)),Species,NA,Ohio,0.5,6.14,NA,cm,g,harvest,DBH,NA,NA,NA,yes,1.015,NA,NA,NA,NA,NA
NA,"Branches total biomass (live, dead)",log10biomass=a+b*(log10(DBH^c)),Genus,NA,Minessota,5,45,NA,in,g,harvest,DBH,NA,NA,NA,no,NA,NA,NA,NA,NA,NA
NA,Foliage total,log10biomass=a+b*(log10(DBH^c)),Genus,NA,Minessota,5,45,NA,in,g,harvest,DBH,NA,NA,NA,no,NA,NA,NA,NA,NA,NA
NA,Total aboveground biomass,log10biomass=a+b*(log10(DBH^c)),Species,Prunus serotina,Ohio,0.37,6.83,NA,cm,g,harvest,DBH,NA,NA,NA,yes,1.017,NA,NA,NA,NA,NA
NA,Total aboveground biomass,log10biomass=a+b*(log10(DBH^c)),Species,NA,Ohio,0.37,6.83,NA,cm,g,harvest,DBH,NA,NA,NA,yes,1.017,NA,NA,NA,NA,NA
NA,Total aboveground biomass,log10biomass=a+b*(log10(DBH^c)),Species,Prunus serotina,Ohio,0.37,6.83,NA,cm,g,harvest,DBH,NA,NA,NA,yes,1.017,NA,NA,NA,NA,NA
NA,Total aboveground biomass,log10biomass=a+b*(log10(DBH^c)),Species,NA,Ohio,0.21,5.73,NA,cm,g,harvest,DBH,NA,NA,NA,yes,1.056,NA,NA,NA,NA,NA
NA,Total aboveground biomass,log10biomass=a+b*(log10(DBH^c)),Species,NA,Ohio,0.19,3.86,NA,cm,g,harvest,DBH,NA,NA,NA,yes,1.016,NA,NA,NA,NA,NA
NA,Total aboveground biomass,a+b*BA,Species,NA,California,NI,NI,NA,cm^2,g,harvest,DBH,NA,NA,NA,yes,included in model,NA,NA,Basal area=Diameter of all stems measured 5 cm above ground in a 1x1m plot then sum to obtain basal area,NA,NA
NA,Total aboveground biomass,exp(a*ln(dba)+b),Species,Arctostaphylos columbiana,Oregon,0.5,2.1,NA,cm,g,harvest,DBA,NA,NA,NA,yes,included in model,NA,NA,dba is basal diameter at the ground surface,NA,NA
NA,Total aboveground biomass,exp(a*ln(dba)+b),Species,Arctostaphylos columbiana,Oregon,0.5,2.1,NA,cm,g,harvest,DBA,NA,NA,NA,yes,included in model,NA,NA,dba is basal diameter at the ground surface,NA,NA
NA,Total aboveground biomass,exp(a+b*ln(DBH)),Species,NA,California,8,61,NA,cm,kg,harvest,DBH,NA,NA,NA,yes,included in model,NA,NA,NA,NA,NA
NA,Whole tree (above stump),exp(a+b*ln(DBH)),Species,NA,Oregon,1.4,13.4,NA,cm,g,harvest,DBH,NA,NA,NA,no,NA,NA,NA,NA,NA,NA
NA,Total aboveground biomass,exp(a+b*lnDBH),Mixed hardwood,NA,North America,2.5,56,NA,cm,kg,harvest,DBH,NA,NA,NA,yes,0.36,NA,NA,NA,NA,NA
NA,Total aboveground biomass,exp(a+b*lnDBH),Family,NA,North America,3,64,NA,cm,kg,harvest,DBH,NA,NA,NA,yes,included in model,NA,NA,NA,NA,NA
NA,Total aboveground biomass,exp(a+b*lnDBH),Mixed hardwood,NA,North America,2.5,56,NA,cm,kg,harvest,DBH,NA,NA,NA,yes,0.36,NA,NA,NA,NA,NA
NA,Total aboveground biomass,exp(a+b*lnDBH),Family,NA,North America,3,614,NA,cm,kg,harvest,DBH,NA,NA,NA,yes,included in model,NA,NA,NA,NA,NA
NA,Total aboveground biomass,exp(a+b*lnDBH),Family,NA,North America,3,89,NA,cm,kg,harvest,DBH,NA,NA,NA,yes,included in model,NA,NA,NA,NA,NA
NA,Total aboveground biomass,exp(a+b*lnDBH),Family,NA,North America,3,89,NA,cm,kg,harvest,DBH,NA,NA,NA,yes,included in model,NA,NA,Accepted name Quercus wislizeni.,NA,NA
NA,Total aboveground biomass,exp(a+b*lnDBH),Mixed hardwood,NA,North America,2.5,56,NA,cm,kg,harvest,DBH,NA,NA,NA,yes,0.36,NA,NA,Accepted name Myrica californica,NA,NA
NA,Total aboveground biomass,exp(a+b*lnDBH),Mixed hardwood,NA,North America,2.5,56,NA,cm,kg,harvest,DBH,NA,NA,NA,yes,0.36,NA,NA,Acepted name Frangula californica.,NA,NA
NA,Total aboveground biomass,exp(a+b*lnDBH),Family,NA,North America,3,64,NA,cm,kg,harvest,DBH,NA,NA,NA,yes,included in model,NA,NA,NA,NA,NA
NA,Total aboveground biomass,exp(a+b*lnDBH),Family,NA,North America,3,64,NA,cm,kg,harvest,DBH,NA,NA,NA,yes,included in model,NA,NA,NA,NA,NA
NA,Total aboveground biomass,exp(a+b*lnDBH),Family,NA,North America,3,64,NA,cm,kg,harvest,DBH,NA,NA,NA,yes,included in model,NA,NA,NA,NA,NA
NA,Total aboveground biomass,exp(a+b*lnDBH),Family,NA,North America,3,64,NA,cm,kg,harvest,DBH,NA,NA,NA,yes,included in model,NA,NA,Biomass usually measured using crown dimension,NA,NA
NA,Total aboveground biomass,exp(a+b*lnDBH),Family,NA,North America,3,64,NA,cm,kg,harvest,DBH,NA,NA,NA,yes,included in model,NA,NA,NA,NA,NA
NA,Total aboveground biomass,exp(a+b*lnDBH),Family,NA,North America,3,70,NA,cm,kg,harvest,DBH,NA,NA,NA,yes,included in model,NA,NA,NA,NA,NA
NA,Total aboveground biomass,exp(a+b*lnDBH),Family,NA,North America,3,66,NA,cm,kg,harvest,DBH,NA,NA,NA,yes,included in model,NA,NA,NA,NA,NA
NA,Total live crown biomass,exp(a+b*lnDBH),Species,NA,"Washington, Oregon, N California",1.5,NA,31,cm,kg,harvest,DBH,NA,NA,NA,yes,included in model,NA,NA,NA,NA,NA
NA,Dead crown,exp(a+b*lnDBH),Species,NA,"Washington, Oregon, N California",1.5,NA,31,cm,kg,harvest,DBH,NA,NA,NA,yes,included in model,NA,NA,NA,NA,NA
NA,Live crown,exp(a+b*lnDBH),Species,NA,"Washington, Oregon, N California",1.5,NA,NA,cm,kg,harvest,DBH,NA,NA,NA,yes,included in model,NA,NA,NA,NA,NA
NA,Dead crown,exp(a+b*lnDBH),Species,NA,"Washington, Oregon, N California",1.5,NA,NA,cm,kg,harvest,DBH,NA,NA,NA,yes,included in model,NA,NA,NA,NA,NA
NA,Stem biomass (wood and bark),"exp(a+b×ln(DBH))*WD*Bk(WD=419.814,Bk=1.22)",Species,NA,"Washington, Oregon, N California",1.5,NA,NA,cm,kg,harvest,DBH,NA,NA,NA,yes,included in model,NA,NA,NA,NA,NA
NA,Stem biomass (wood and bark),"exp(a+b×ln(DBH))*WD*Bk(WD=645.704,Bk=1.05)",Species,NA,"Washington, Oregon, N California",1.5,NA,31,cm,kg,harvest,DBH,NA,NA,NA,yes,included in model,NA,NA,NA,NA,NA
NA,Total aboveground biomass (wood and bark),ln(BAE)=a+b*ln(DBA),Species,Vaccinium alaskaense,Pacific Northwest,0.6,3.6,NA,cm,g,harvest,DBA,NA,NA,NA,yes,included in model,NA,NA,"BAE= total aboveground biomass, DBA = diameter near base.",NA,NA
NA,Total aboveground biomass,ln(BAT)=a+b*ln(DBA),Species,Ceanothus velutinus,Pacific Northwest,0.6,2.5,NA,cm,g,harvest,DBA,NA,NA,NA,yes,included in model,NA,NA,"DBA= Stem basal diameter, BAT=Total aboveground biomass. Used equation for C. velutinus the most common sp. within the genus",NA,NA
NA,Total aboveground biomass,ln(BAT)=a+b*ln(DBA),Genus,NA,Rocky Mountains,0.4,1.4,NA,cm,g,harvest,DBA,NA,NA,NA,yes,included in model,NA,NA,"DBA= Stem basal diameter, BAT=Total aboveground biomass",NA,NA
NA,Total aboveground biomass,lnbiomass=a+b*(ln(DBH)),Species,NA,Hawaii,2,16,NA,cm,kg,harvest,DBH,NA,NA,NA,yes,included in model,NA,NA,NA,NA,NA
NA,Stem biomass (wood and bark),lnbiomass=a+b*DBH+c*(ln(DBH^d)),Species,Pinus ponderosa,Pacific Northwest,24.1,117.7,NA,cm,Mg,harvest,DBH,NA,NA,NA,yes,included in model,NA,NA,NA,NA,NA
NA,Stem biomass (wood and bark),lnbiomass=a+b*DBH+c*(ln(DBH^d)),Species,NA,Pacific Northwest,24.1,117.7,NA,cm,Mg,harvest,DBH,NA,NA,NA,yes,included in model,NA,NA,NA,NA,NA
NA,Whole tree (above stump),a+b*DBH+c*(DBH^d),Species,NA,North Central States,2.5,40,NA,cm,kg,harvest,DBH,NA,NA,NA,no,NA,NA,NA,NA,NA,NA
NA,Whole tree (above stump),a+b*DBH+c*(DBH^d),Species,NA,North Central States,2.5,40,NA,cm,kg,harvest,DBH,NA,NA,NA,no,NA,NA,NA,NA,NA,NA
NA,Foliage total,a+b*DBH+c*(DBH^d),Species,NA,North Central States,2.5,40,NA,cm,kg,harvest,DBH,NA,NA,NA,no,NA,NA,NA,NA,NA,NA
NA,Whole tree (above stump),a+b*DBH+c*(DBH^d),Species,NA,North Central States,2.5,40,NA,cm,kg,harvest,DBH,NA,NA,NA,no,NA,NA,NA,NA,NA,NA
NA,Whole tree (above stump),a+b*DBH+c*(DBH^d),Species,NA,Wisconsin,12.9,30,NA,cm,kg,harvest,DBH,NA,NA,NA,no,NA,NA,NA,NA,NA,NA
NA,Whole tree (above stump),a+b*DBH+c*(DBH^d),Species,NA,Minessota,1.1,32.6,NA,cm,kg,harvest,DBH,NA,NA,NA,no,NA,NA,NA,NA,NA,NA
NA,Whole tree (above stump),a+b*DBH+c*(DBH^d),Species,NA,Minessota,1.4,23.4,NA,cm,kg,harvest,DBH,NA,NA,NA,no,NA,NA,NA,NA,NA,NA
NA,Whole tree (above stump),a+b*DBH+c*(DBH^d),Species,NA,New York,2.5,55,NA,mm,kg,harvest,DBH,NA,NA,NA,no,NA,NA,NA,NA,NA,NA
NA,Whole tree (above stump),a+b*DBH+c*(DBH^d),Species,NA,North Central States,2.5,40,NA,cm,kg,harvest,DBH,NA,NA,NA,no,NA,NA,NA,NA,NA,NA
NA,Whole tree (above stump),a+b*DBH+c*(DBH^d),Species,NA,New York,25,550,NA,mm,kg,harvest,DBH,NA,NA,NA,no,NA,NA,NA,NA,NA,NA
NA,Total aboveground biomass,a*DBA^b,Species,Lonicera canadensis,Canada,0.12,0.69,NA,cm,g,harvest,DBA,NA,NA,NA,yes,included in model,NA,NA,DBA = basal diameter at 15 cm,NA,NA
NA,Stem and branches (live),a*DBH^b,Species,NA,West Virginia,5.08,50.8,NA,in,lb,harvest,DBH,NA,NA,NA,yes,included in model,NA,NA,NA,NA,NA
NA,Total aboveground biomass,a*DBH^b,Species,NA,Upper Great Lakes,4,32,NA,cm,kg,harvest,DBH,NA,NA,NA,yes,included in model,NA,NA,NA,NA,NA
NA,Total aboveground biomass,exp(a+b*lnDBH),Mixed hardwood,NA,North America,2.5,56,NA,cm,kg,harvest,DBH,NA,NA,NA,yes,0.36,NA,NA,NA,NA,NA
NA,Total aboveground biomass,exp(a+b*lnDBH),Family,NA,North America,3,64,NA,cm,kg,harvest,DBH,NA,NA,NA,yes,included in model,NA,NA,NA,NA,NA
NA,Total aboveground biomass,exp(a+b*lnDBH),Family,NA,North America,3,64,NA,cm,kg,harvest,DBH,NA,NA,NA,yes,included in model,NA,NA,NA,NA,NA
NA,Total aboveground biomass,exp(a+b*lnDBH),Family,NA,North America,3,64,NA,cm,kg,harvest,DBH,NA,NA,NA,yes,included in model,NA,NA,NA,NA,NA
NA,Total aboveground biomass,exp(a+b*lnDBH),Mixed hardwood,NA,North America,2.5,56,NA,cm,kg,harvest,DBH,NA,NA,NA,yes,0.36,NA,NA,NA,NA,NA
NA,Total aboveground biomass,exp(a+b*lnDBH),Mixed hardwood,NA,North America,2.5,56,NA,cm,kg,harvest,DBH,NA,NA,NA,yes,0.36,NA,NA,NA,NA,NA
NA,Total aboveground biomass,exp(a+b*lnDBH),Family,NA,North America,4,42,NA,cm,kg,harvest,DBH,NA,NA,NA,yes,included in model,NA,NA,NA,NA,NA
NA,Total aboveground biomass,exp(a+b*lnDBH),Species,NA,Eastern U.S.,1,55,NA,cm,g,harvest,DBH,NA,NA,NA,no,NA,NA,NA,NA,NA,NA
NA,Total aboveground biomass,exp(a+b*lnDBH),Family,NA,North America,3,64,NA,cm,kg,harvest,DBH,NA,NA,NA,yes,included in model,NA,NA,NA,NA,NA
NA,Total aboveground biomass,exp(a+b*lnDBH),Family,NA,North America,3,64,NA,cm,kg,harvest,DBH,NA,NA,NA,yes,included in model,NA,NA,NA,NA,NA
NA,Total aboveground biomass,exp(a+b*lnDBH),Family,NA,North America,3,64,NA,cm,kg,harvest,DBH,NA,NA,NA,yes,included in model,NA,NA,NA,NA,NA
NA,Total aboveground biomass,exp(a+b*lnDBH),Family,NA,North America,3,64,NA,cm,kg,harvest,DBH,NA,NA,NA,yes,included in model,NA,NA,NA,NA,NA
NA,Total aboveground biomass,exp(a+b*lnDBH),Mixed hardwood,NA,North America,2.5,56,NA,cm,kg,harvest,DBH,NA,NA,NA,yes,0.36,NA,NA,NA,NA,NA
NA,Total aboveground biomass,lnbiomass=a+b*DBH+c*(ln(DBH^d)),Species,NA,"Wisconsin, Michigan",3.1,24.6,NA,cm,kg,harvest,DBH,NA,NA,NA,yes,1.01,NA,NA,NA,NA,NA
NA,Total aboveground biomass,lnbiomass=a+b*DBH+c*(ln(DBH^d)),Species,NA,"Wisconsin, Michigan",10,52.2,NA,cm,kg,harvest,DBH,NA,NA,NA,yes,1.007,NA,NA,NA,NA,NA
NA,Total aboveground biomass,lnbiomass=a+b*DBH+c*(ln(DBH^d)),Species,Acer rubrum,"Wisconsin, Michigan",3.1,24.6,NA,cm,kg,harvest,DBH,NA,NA,NA,yes,1.01,NA,NA,NA,NA,NA
NA,Total aboveground biomass,lnbiomass=a+b*DBH+c*(ln(DBH^d)),Species,NA,North Central States,3.5,26.3,NA,cm,kg,harvest,DBH,NA,NA,NA,yes,1.006,NA,NA,NA,NA,NA
NA,Stem and branches (live),lnbiomass=a+b*DBH+c*(ln(DBH^d)),Species,NA,New Hampshire,1,9,NA,cm,g,harvest,DBH,NA,NA,NA,yes,0,NA,NA,NA,NA,NA
NA,Foliage total,lnbiomass=a+b*DBH+c*(ln(DBH^d)),Species,NA,New Hampshire,1,9,NA,cm,g,harvest,DBH,NA,NA,NA,yes,0,NA,NA,NA,NA,NA
NA,Total aboveground biomass,lnbiomass=a+b*DBH+c*(ln(DBH^d)),Species,Cornus florida,Ohio,1.85,7.25,NA,cm,g,harvest,DBH,NA,NA,NA,no,NA,NA,NA,NA,NA,NA
NA,Total aboveground biomass,lnbiomass=a+b*DBH+c*(ln(DBH^d)),Species,NA,Wisconsin,2.8,69.5,NA,cm,kg,harvest,DBH,NA,NA,NA,yes,1.05,NA,NA,NA,NA,NA
NA,Total aboveground biomass,lnbiomass=a+b*DBH+c*(ln(DBH^d)),Species,NA,Maine,0.1,2.54,NA,in,g,harvest,DBH,NA,NA,NA,no,NA,NA,NA,NA,NA,NA
NA,Total aboveground biomass,lnbiomass=a+b*ln(DBH)+c*(d+(e*ln(DBH))),Family,NA,North America,3,64,NA,cm,kg,harvest,DBH,NA,NA,NA,yes,included in model,NA,NA,NA,NA,NA
NA,Total aboveground biomass,log10biomass=a+b*(log10(DBH^c)),Species,NA,Wisconsin,7.5,23.7,NA,cm,kg,harvest,DBH,NA,NA,NA,no,NA,NA,NA,NA,NA,NA
NA,Whole tree (above stump),log10biomass=a+b*(log10(DBH^c)),Species,NA,Ohio,0.5,6.14,NA,cm,g,harvest,DBH,NA,NA,NA,yes,1.015,NA,NA,NA,NA,NA
NA,Total aboveground biomass,log10biomass=a+b*(log10(DBH^c)),Species,Prunus serotina,Ohio,0.37,6.83,NA,cm,g,harvest,DBH,NA,NA,NA,yes,1.017,NA,NA,NA,NA,NA
NA,Total aboveground biomass,log10biomass=a+b*(log10(DBH^c)),Species,NA,Ohio,0.37,6.83,NA,cm,g,harvest,DBH,NA,NA,NA,yes,1.017,NA,NA,NA,NA,NA
NA,Total aboveground biomass,log10biomass=a+b*(log10(DBH^c)),Species,NA,Ohio,0.68,7.49,NA,cm,g,harvest,DBH,NA,NA,NA,yes,1.012,NA,NA,NA,NA,NA
NA,Total aboveground biomass,log10biomass=a+b*(log10(DBH^c)),Species,NA,Wisconsin,14.7,39.7,NA,cm,kg,harvest,DBH,NA,NA,NA,no,NA,NA,NA,NA,NA,NA
NA,Whole tree (above stump),10^a*DBH^b,Species,NA,Bristish Columbia,16,49,8,cm,kg,harvest,DBH,NA,NA,NA,no,NA,NA,NA,NA,NA,NA
NA,Stem biomass (wood and bark),a+(b*DBH)+c*(DBH^2)+d*(DBH^3),Species,NA,Rocky Mountains,0,10.16,NA,in,lb,harvest,DBH,NA,NA,NA,no,NA,NA,NA,NA,NA,NA
NA,Total aboveground biomass,a*DBA^b,Species,Lonicera canadensis,Canada,0.12,0.69,NA,cm,g,harvest,DBA,NA,NA,NA,yes,included in model,NA,NA,DBA = basal diameter at 15 cm,NA,NA
NA,Total aboveground biomass,a*DBA^b,Genus,NA,Idaho/Montana,0.2,1.2,NA,cm,g,harvest,DBA,NA,NA,NA,yes,included in model,NA,NA,DBA = basal diameter at 15 cm,NA,NA
NA,Whole tree (above stump),exp(a+b*ln(DBH)),Species,NA,Oregon,1.7,13.2,NA,cm,g,harvest,DBH,NA,NA,NA,no,NA,NA,NA,NA,NA,NA
NA,Total aboveground biomass,exp(a+b*ln(DBH)),Species,NA,Oregon,10,40,NA,cm,kg,harvest,DBH,NA,NA,NA,yes,included in model,NA,NA,NA,NA,NA
NA,Total aboveground biomass,exp(a+b*ln(DBH)),Species,Acer glabrum,North Central States,0.1,2.54,NA,in,g,harvest,DBH,NA,NA,NA,no,NA,NA,NA,NA,NA,NA
NA,Total aboveground biomass,exp(a+b*ln(DBH)),Species,NA,North Central States,0.1,2.54,NA,in,g,harvest,DBH,NA,NA,NA,no,NA,NA,NA,NA,NA,NA
NA,Total aboveground biomass,exp(a+b*lnDBH),Mixed hardwood,NA,North America,2.5,56,NA,cm,kg,harvest,DBH,NA,NA,NA,yes,0.36,NA,NA,NA,NA,NA
NA,Total aboveground biomass,exp(a+b*lnDBH),Family,NA,North America,3,64,NA,cm,kg,harvest,DBH,NA,NA,NA,yes,included in model,NA,NA,NA,NA,NA
NA,Total aboveground biomass,exp(a+b*lnDBH),Family,NA,North America,3,64,NA,cm,kg,harvest,DBH,NA,NA,NA,yes,included in model,NA,NA,NA,NA,NA
NA,Total aboveground biomass,exp(a+b*lnDBH),Family,NA,North America,3,64,NA,cm,kg,harvest,DBH,NA,NA,NA,yes,included in model,NA,NA,NA,NA,NA
NA,Total aboveground biomass,exp(a+b*lnDBH),Family,NA,North America,3,64,NA,cm,kg,harvest,DBH,NA,NA,NA,yes,included in model,NA,NA,NA,NA,NA
NA,Total aboveground biomass,exp(a+b*lnDBH),Genus,NA,North America,3,180,NA,cm,kg,harvest,DBH,NA,NA,NA,yes,included in model,NA,NA,NA,NA,NA
NA,Total aboveground biomass,exp(a+b*lnDBH),Mixed hardwood,NA,North America,2.5,56,NA,cm,kg,harvest,DBH,NA,NA,NA,yes,0.36,NA,NA,NA,NA,NA
NA,Total aboveground biomass,exp(a+b*lnDBH),Family,NA,North America,3,64,NA,cm,kg,harvest,DBH,NA,NA,NA,yes,included in model,NA,NA,NA,NA,NA
NA,Total aboveground biomass,exp(a+b*lnDBH),Family,NA,North America,3,64,NA,cm,kg,harvest,DBH,NA,NA,NA,yes,included in model,NA,NA,NA,NA,NA
NA,Total aboveground biomass,exp(a+b*lnDBH),Family,NA,North America,3,109,NA,cm,kg,harvest,DBH,NA,NA,NA,yes,included in model,NA,NA,NA,NA,NA
NA,Total aboveground biomass (including foliage),ln(BAE)=a+b*ln(DBA),Species,Vaccinium parvifolium,"Oregon, Washington",0.4,3.3,NA,cm,g,harvest,DBA,NA,NA,NA,yes,included in model,NA,NA,"BAE= total aboveground biomass, DBA = diameter near base.",NA,NA
NA,Total aboveground biomass (including foliage),ln(BAE)=a+b*ln(DBA),Species,Vaccinium parvifolium,"Oregon, Washington",0.4,3.3,NA,cm,g,harvest,DBA,NA,NA,NA,yes,included in model,NA,NA,"BAE= total aboveground biomass, DBA = diameter near base.",NA,NA
NA,Total aboveground biomass (including foliage),ln(BAE)=a+b*ln(DBA),Species,NA,"Oregon, Washington",0.4,3.3,NA,cm,g,harvest,DBA,NA,NA,NA,yes,included in model,NA,NA,"BAE= total aboveground biomass, DBA = diameter near base.",NA,NA
NA,Total aboveground biomass,ln(BAT)=4.98412+2.18584*ln(DBH),Species,NA,West Cascades,1.4,13.4,NA,cm,g,harvest,DBH,NA,NA,NA,yes,included in model,NA,NA,NA,NA,NA
NA,Total aboveground biomass,ln(BAT)=a+b*ln(DBA),Species,NA,Rocky Mountains,0.7,2.2,NA,cm,g,harvest,DBA,NA,NA,NA,yes,included in model,NA,NA,DBA= Stem basal diameter,NA,NA
NA,Total aboveground biomass,ln(BAT)=a+b*ln(DBA),Species,NA,West Cascades,0.1,1.1,NA,cm,g,harvest,DBA,NA,NA,NA,yes,included in model,NA,NA,DBA= Stem basal diameter,NA,NA
NA,Total aboveground biomass,ln(BAT)=a+b*ln(DBA),Species,Rubus leucodermis,West Cascades,0.1,1.1,NA,cm,g,harvest,DBA,NA,NA,NA,yes,included in model,NA,NA,DBA= Stem basal diameter,NA,NA
NA,Live branch biomass,ln(BBL)=2.7261+2.3324*ln(DBH),Species,NA,West Cascades,18.8,111,NA,cm,g,harvest,DBH,NA,NA,NA,NA,unable to extract from pub,NA,NA,NA,NA,NA
NA,Total foliage biomass,ln(BFT)=2.03496+2.1683*ln(DBH),Species,NA,West Cascades,18.8,111,NA,cm,g,harvest,DBH,NA,NA,NA,NA,unable to extract from pub,NA,NA,NA,NA,NA
NA,Live branch biomass,ln(BFT)=2.0791+2.5585*ln(DBH),Genus,NA,North America,8.7,111,NA,cm,g,harvest,DBH,NA,NA,NA,NA,unable to extract from pub,NA,NA,NA,NA,NA
NA,Total foliage biomass,ln(BFT)=3.4416+1.9278*ln(DBH),Genus,NA,North America,8.7,111,NA,cm,g,harvest,DBH,NA,NA,NA,NA,unable to extract from pub,NA,NA,NA,NA,NA
NA,Stem bark biomass,ln(BSB)=0.716+2.8796*ln(DBH),Genus,NA,North America,8.7,111,NA,cm,g,harvest,DBH,NA,NA,NA,NA,unable to extract from pub,NA,NA,NA,NA,NA
NA,Total stem biomass,ln(BST)=3.892752+2.5812*ln(DBH),Species,NA,West Cascades,15.9,235.5,NA,cm,g,harvest,DBH,NA,NA,NA,NA,unable to extract from pub,NA,NA,NA,NA,NA
NA,Stem biomass (without bark),ln(BSW)=3.1689+2.6825*ln(DBH),Genus,NA,North America,8.7,111,NA,cm,g,harvest,DBH,NA,NA,NA,NA,unable to extract from pub,NA,NA,NA,NA,NA
NA,Total aboveground biomass,lnbiomass=a+b*DBH+c*(ln(DBH^d)),Species,NA,Pacific Northwest,0.18,2.23,NA,cm,g,harvest,DBH,NA,NA,NA,no,NA,NA,NA,diameter at the root collar,NA,NA
NA,Total aboveground biomass,lnbiomass=a+b*DBH+c*(ln(DBH^d)),Species,NA,Pacific Northwest,4.2,7,NA,cm,g,harvest,DBH,NA,NA,NA,no,NA,NA,NA,diameter at the root collar,NA,NA
NA,"Crown biomass (branches, foliage, twigs)",lnbiomass=a+b*DBH+c*(ln(DBH^d)),Species,NA,Rocky Mountains,2.54,30.48,NA,in,lb,harvest,DBH,NA,NA,NA,no,NA,NA,NA,NA,NA,NA
NA,Whole tree (above stump),log10biomass=a+b*(log10(DBH^c)),Species,NA,Bristish Columbia,31,90.4,NA,cm,kg,harvest,DBH,NA,NA,NA,no,NA,NA,NA,NA,NA,NA
NA,NA,NA,NA,NA,NA,NA,NA,NA,NA,NA,NA,NA,NA,NA,NA,NA,NA,NA,NA,WSG=mean wsg all species within site.,NA,NA
NA,Total aboveground biomass,exp^(-5.284602+(2.4882*(ln(pi*DBH)))),Species,NA,Northern England,14,162.5,NA,cm,kg,harvest,DBH,NA,NA,NA,yes,included in model,NA,NA,NA,NA,NA
NA,Total aboveground biomass,exp^(-5.308133+(2.4882*(ln(pi*DBH)))),Species,NA,Northern England,9,104,NA,cm,kg,harvest,DBH,NA,NA,NA,yes,included in model,NA,NA,NA,NA,NA
NA,Total aboveground biomass,exp^(-5.41227+(2.491767*(ln(pi*DBH)))),Woody species,NA,Northern England,NI,NI,NA,cm,kg,harvest,DBH,NA,NA,NA,yes,included in model,NA,NA,NA,NA,NA
NA,Total aboveground biomass,exp^(-5.41227+(2.491767*(ln(pi*DBH)))),Woody species,NA,Northern England,NI,NI,NA,cm,kg,harvest,DBH,NA,NA,NA,yes,included in model,NA,NA,NA,NA,NA
NA,Total aboveground biomass,exp^(-5.41227+(2.491767*(ln(pi*DBH)))),Woody species,NA,Northern England,NI,NI,NA,cm,kg,harvest,DBH,NA,NA,NA,yes,included in model,NA,NA,NA,NA,NA
NA,Total aboveground biomass,exp^(-5.41227+(2.491767*(ln(pi*DBH)))),Woody species,NA,Northern England,NI,NI,NA,cm,kg,harvest,DBH,NA,NA,NA,yes,included in model,NA,NA,NA,NA,NA
NA,Total aboveground biomass,exp^(-5.41227+(2.491767*(ln(pi*DBH)))),Woody species,NA,Northern England,NI,NI,NA,cm,kg,harvest,DBH,NA,NA,NA,yes,included in model,NA,NA,NA,NA,NA
NA,Total aboveground biomass,exp^(-5.41227+(2.491767*(ln(pi*DBH)))),Woody species,NA,Northern England,NI,NI,NA,cm,kg,harvest,DBH,NA,NA,NA,yes,included in model,NA,NA,NA,NA,NA
NA,Total aboveground biomass,exp^(-5.41227+(2.491767*(ln(pi*DBH)))),Woody species,NA,Northern England,NI,NI,NA,cm,kg,harvest,DBH,NA,NA,NA,yes,included in model,NA,NA,NA,NA,NA
NA,Total aboveground biomass,exp^(-5.41227+(2.491767*(ln(pi*DBH)))),Woody species,NA,Northern England,NI,NI,NA,cm,kg,harvest,DBH,NA,NA,NA,yes,included in model,NA,NA,NA,NA,NA
NA,Total aboveground biomass,exp^(-5.41227+(2.491767*(ln(pi*DBH)))),Woody species,NA,Northern England,NI,NI,NA,cm,kg,harvest,DBH,NA,NA,NA,yes,included in model,NA,NA,NA,NA,NA
NA,Total aboveground biomass,exp^(-5.41227+(2.491767*(ln(pi*DBH)))),Woody species,NA,Northern England,NI,NI,NA,cm,kg,harvest,DBH,NA,NA,NA,yes,included in model,NA,NA,NA,NA,NA
NA,Total aboveground biomass,exp^(-5.41227+(2.491767*(ln(pi*DBH)))),Woody species,NA,Northern England,NI,NI,NA,cm,kg,harvest,DBH,NA,NA,NA,yes,included in model,NA,NA,NA,NA,NA
NA,Total aboveground biomass,exp^(-5.41227+(2.491767*(ln(pi*DBH)))),Woody species,NA,Northern England,NI,NI,NA,cm,kg,harvest,DBH,NA,NA,NA,yes,included in model,NA,NA,NA,NA,NA
NA,Total aboveground biomass,exp^(-5.41227+(2.491767*(ln(pi*DBH)))),Woody species,NA,Northern England,NI,NI,NA,cm,kg,harvest,DBH,NA,NA,NA,yes,included in model,NA,NA,NA,NA,NA
NA,Total aboveground biomass,exp^(-5.41227+(2.491767*(ln(pi*DBH)))),Woody species,NA,Northern England,NI,NI,NA,cm,kg,harvest,DBH,NA,NA,NA,yes,included in model,NA,NA,NA,NA,NA
NA,Total aboveground biomass,exp^(-5.41227+(2.491767*(ln(pi*DBH)))),Woody species,NA,Northern England,NI,NI,NA,cm,kg,harvest,DBH,NA,NA,NA,yes,included in model,NA,NA,NA,NA,NA
NA,Total aboveground biomass,exp^(-5.41227+(2.491767*(ln(pi*DBH)))),Woody species,NA,Northern England,NI,NI,NA,cm,kg,harvest,DBH,NA,NA,NA,yes,included in model,NA,NA,NA,NA,NA
NA,Total aboveground biomass,exp^(-5.41227+(2.491767*(ln(pi*DBH)))),Woody species,NA,Northern England,NI,NI,NA,cm,kg,harvest,DBH,NA,NA,NA,yes,included in model,NA,NA,NA,NA,NA
NA,Total aboveground biomass,exp^(-5.41227+(2.491767*(ln(pi*DBH)))),Woody species,NA,Northern England,NI,NI,NA,cm,kg,harvest,DBH,NA,NA,NA,yes,included in model,NA,NA,NA,NA,NA
NA,Total aboveground biomass,exp^(-5.41227+(2.491767*(ln(pi*DBH)))),Woody species,NA,Northern England,NI,NI,NA,cm,kg,harvest,DBH,NA,NA,NA,yes,included in model,NA,NA,NA,NA,NA
NA,Total aboveground biomass,exp^(-5.41227+(2.491767*(ln(pi*DBH)))),Woody species,NA,Northern England,NI,NI,NA,cm,kg,harvest,DBH,NA,NA,NA,yes,included in model,NA,NA,NA,NA,NA
NA,Total aboveground biomass,exp^(-5.41227+(2.491767*(ln(pi*DBH)))),Woody species,NA,Northern England,NI,NI,NA,cm,kg,harvest,DBH,NA,NA,NA,yes,included in model,NA,NA,NA,NA,NA
NA,Total aboveground biomass,exp^(-5.644074+(2.5189*(ln(pi*DBH)))),Species,NA,Northern England,11.5,96.5,NA,cm,kg,harvest,DBH,NA,NA,NA,yes,included in model,NA,NA,NA,NA,NA
NA,Total aboveground biomass,exp(a+b*ln(DBH)),Species,Pseudotsuga menziesii,Oregon,10,40,NA,cm,kg,harvest,DBH,NA,NA,NA,yes,included in model,NA,NA,NA,NA,NA
NA,Total aboveground biomass,exp(a+b*ln(DBH)),Species,NA,Oregon,10,40,NA,cm,kg,harvest,DBH,NA,NA,NA,yes,included in model,NA,NA,NA,NA,NA
NA,Whole tree (above stump),exp(a+b*ln(DBH)),Species,NA,Oregon,1.7,13.2,NA,cm,g,harvest,DBH,NA,NA,NA,no,NA,NA,NA,use this equation for small stems,NA,NA
NA,Total aboveground biomass,exp(a+b*lnDBH),Mixed hardwood,NA,North America,2.5,56,NA,cm,kg,harvest,DBH,NA,NA,NA,yes,0.36,NA,NA,NA,NA,NA
NA,Total aboveground biomass,exp(a+b*lnDBH),Mixed hardwood,NA,North America,2.5,56,NA,cm,kg,harvest,DBH,NA,NA,NA,yes,0.36,NA,NA,NA,NA,NA
NA,Total aboveground biomass,exp(a+b*lnDBH),Family,NA,North America,3,64,NA,cm,kg,harvest,DBH,NA,NA,NA,yes,included in model,NA,NA,NA,NA,NA
NA,Total aboveground biomass,exp(a+b*lnDBH),Family,NA,North America,3,64,NA,cm,kg,harvest,DBH,NA,NA,NA,yes,included in model,NA,NA,NA,NA,NA
NA,Total aboveground biomass,exp(a+b*lnDBH),Mixed hardwood,NA,North America,2.5,56,NA,cm,kg,harvest,DBH,NA,NA,NA,yes,0.36,NA,NA,NA,NA,NA
NA,Total aboveground biomass,exp(a+b*lnDBH),Family,NA,North America,3,64,NA,cm,kg,harvest,DBH,NA,NA,NA,yes,included in model,NA,NA,NA,NA,NA
NA,Total aboveground biomass,exp(a+b*lnDBH),Family,NA,North America,3,64,NA,cm,kg,harvest,DBH,NA,NA,NA,yes,included in model,NA,NA,NA,NA,NA
NA,Total aboveground biomass,exp(a+b*lnDBH),Family,NA,North America,3,70,NA,cm,kg,harvest,DBH,NA,NA,NA,yes,included in model,NA,NA,NA,NA,NA
NA,Total aboveground biomass,exp(a+b*lnDBH),Family,NA,North America,3,70,NA,cm,kg,harvest,DBH,NA,NA,NA,yes,included in model,NA,NA,NA,NA,NA
NA,Total aboveground biomass,ln(BAT)=4.98412+2.18584*ln(DBH),Species,Pseudotsuga menziesii,West Cascades,1.4,13.4,NA,cm,g,harvest,DBH,NA,NA,NA,yes,included in model,NA,NA,NA,NA,NA
NA,Total aboveground biomass,ln(BAT)=4.98412+2.18584*ln(DBH),Species,NA,West Cascades,1.4,13.4,NA,cm,g,harvest,DBH,NA,NA,NA,yes,included in model,NA,NA,NA,NA,NA
NA,Total aboveground biomass,ln(BAT)=a+b*ln(DBA),Species,NA,"Oregon, Washington",0.4,11.5,NA,cm,g,harvest,DBA,NA,NA,NA,yes,included in model,NA,NA,DBA= Stem basal diameter,NA,NA
NA,Total aboveground biomass,ln(BAT)=a+b*ln(DBA),Species,Ceanothus velutinus,Pacific Northwest,0.3,11.7,NA,cm,g,harvest,DBA,NA,NA,NA,yes,included in model,NA,NA,DBA= Stem basal diameter,NA,NA
NA,Total aboveground biomass,ln(BAT)=a+b*ln(DBA),Species,NA,Pacific Northwest,0.3,6.5,NA,cm,g,harvest,DBA,NA,NA,NA,yes,included in model,NA,NA,DBA= Stem basal diameter,NA,NA
NA,Total aboveground biomass (including foliage),ln(BAT)=a+b*ln(DBA),Species,Ceanothus integerrimus,Pacific Northwest,0.3,6.5,NA,cm,g,harvest,DBA,NA,NA,NA,yes,included in model,NA,NA,DBA= Stem basal diameter,NA,NA
NA,Total aboveground biomass,ln(BAT)=a+b*ln(DBA),Species,NA,Rocky Mountains,0.7,2.2,NA,cm,g,harvest,DBA,NA,NA,NA,yes,included in model,NA,NA,DBA= Stem basal diameter,NA,NA
NA,Total aboveground biomass,ln(BAT)=a+b*ln(DBA),Genus,NA,Rocky Mountains,0.4,1.4,NA,cm,g,harvest,DBA,NA,NA,NA,yes,included in model,NA,NA,"DBA= Stem basal diameter, BAT=Total aboveground biomass",NA,NA
NA,Total aboveground biomass,ln(BAT)=a+b*ln(DBA),Genus,NA,Rocky Mountains,0.4,1.4,NA,cm,g,harvest,DBA,NA,NA,NA,yes,included in model,NA,NA,"DBA= Stem basal diameter, BAT=Total aboveground biomass",NA,NA
NA,Live branch biomass,ln(BBL)=2.7261+2.3324*ln(DBH),Species,Abies procera,West Cascades,18.8,111,NA,cm,g,harvest,DBH,NA,NA,NA,yes,included in model,NA,NA,NA,NA,NA
NA,Live branch biomass,ln(BBL)=2.7261+2.3324*ln(DBH),Species,Abies procera,West Cascades,18.8,111,NA,cm,g,harvest,DBH,NA,NA,NA,yes,included in model,NA,NA,NA,NA,NA
NA,Total foliage biomass,ln(BFT)=2.03496+2.1683*ln(DBH),Species,Abies procera,West Cascades,18.8,111,NA,cm,g,harvest,DBH,NA,NA,NA,yes,included in model,NA,NA,NA,NA,NA
NA,Total foliage biomass,ln(BFT)=2.03496+2.1683*ln(DBH),Species,Abies procera,West Cascades,18.8,111,NA,cm,g,harvest,DBH,NA,NA,NA,yes,included in model,NA,NA,NA,NA,NA
NA,Live branch biomass,ln(BFT)=2.0791+2.5585*ln(DBH),Genus,NA,North America,8.7,111,NA,cm,g,harvest,DBH,NA,NA,NA,NA,unable to extract from pub,NA,NA,NA,NA,NA
NA,Total foliage biomass,ln(BFT)=3.4416+1.9278*ln(DBH),Genus,NA,North America,8.7,111,NA,cm,g,harvest,DBH,NA,NA,NA,NA,unable to extract from pub,NA,NA,NA,NA,NA
NA,Total aboveground biomass,ln(biomass)=a+b*ln(DBA),Species,NA,California,0.5,2.6,40,cm,kg,harvest,DBA,NA,NA,NA,yes,0.165,NA,NA,DBA= Stem basal diameter,NA,NA
NA,Total aboveground biomass,ln(biomass)=a+b*ln(DBA),Species,Leucothoe davisiae,California,0.5,2.6,40,cm,kg,harvest,DBA,NA,NA,NA,yes,0.165,NA,NA,DBA= Stem basal diameter,NA,NA
NA,Total aboveground biomass,log(biomass)=a+b*log(DBH),Species,NA,California,0.9,5.7,41,cm,kg,harvest,DBH,NA,NA,NA,yes,0.124,NA,NA,NA,NA,NA
NA,Total aboveground biomass,log(biomass)=a+b*log(DBH),Species,NA,California,0.8,13,40,cm,kg,harvest,DBH,NA,NA,NA,yes,0.102,NA,NA,NA,NA,NA
NA,Stem bark biomass,ln(BSB)=0.716+2.8796*ln(DBH),Genus,NA,North America,8.7,111,NA,cm,g,harvest,DBH,NA,NA,NA,NA,unable to extract from pub,NA,NA,NA,NA,NA
NA,Total stem biomass,ln(BST)=3.892752+2.5812*ln(DBH),Species,Abies procera,West Cascades,15.9,235.5,NA,cm,g,harvest,DBH,NA,NA,NA,yes,included in model,NA,NA,NA,NA,NA
NA,Total stem biomass,ln(BST)=3.892752+2.5812*ln(DBH),Species,Abies procera,West Cascades,15.9,235.5,NA,cm,g,harvest,DBH,NA,NA,NA,yes,included in model,NA,NA,NA,NA,NA
NA,Stem biomass (without bark),ln(BSW)=3.1689+2.6825*ln(DBH),Genus,NA,North America,8.7,111,NA,cm,g,harvest,DBH,NA,NA,NA,NA,unable to extract from pub,NA,NA,NA,NA,NA
NA,Stem biomass (wood and bark),lnbiomass=a+b*DBH+c*(ln(DBH^d)),Species,NA,Pacific Northwest,25,143.9,NA,cm,Mg,harvest,DBH,NA,NA,NA,yes,included in model,NA,NA,NA,NA,NA
NA,Stem biomass (wood and bark),lnbiomass=a+b*DBH+c*(ln(DBH^d)),Species,NA,Pacific Northwest,14.4,158.4,NA,cm,Mg,harvest,DBH,NA,NA,NA,no,NA,NA,NA,NA,NA,NA
NA,Stem biomass (wood and bark),lnbiomass=a+b*DBH+c*(ln(DBH^d)),Species,NA,Pacific Northwest,18.8,143.2,NA,cm,Mg,harvest,DBH,NA,NA,NA,no,NA,NA,NA,NA,NA,NA
NA,Stem biomass (wood and bark),lnbiomass=a+b*DBH+c*(ln(DBH^d)),Species,NA,Pacific Northwest,24.1,117.7,NA,cm,Mg,harvest,DBH,NA,NA,NA,no,NA,NA,NA,NA,NA,NA
NA,"Crown biomass (branches, foliage, twigs)",lnbiomass=a+b*DBH+c*(ln(DBH^d)),Species,NA,Rocky Mountains,2.54,30.48,NA,in,lb,harvest,DBH,NA,NA,NA,yes,included in model,NA,NA,NA,NA,NA
NA,NA,NA,NA,NA,NA,NA,NA,NA,NA,NA,NA,NA,NA,NA,NA,NA,NA,NA,NA,NA,NA,NA
NA,Total aboveground biomass,exp(a+b*(DBH/DBH+c)),Species,Fagus spp.,Europe,NI,50,NA,cm,kg,harvest,DBH,NA,NA,NA,yes,NA,NA,NA,NA,NA,NA
NA,Total aboveground biomass,exp(a+b*(DBH/DBH+c)),Species,Fagus spp.,Europe,NI,50,NA,cm,kg,harvest,DBH,NA,NA,NA,yes,NA,NA,NA,NA,NA,NA
NA,Total aboveground biomass,exp(a+b*(DBH/DBH+c)),Species,Fagus spp.,Europe,NI,50,NA,cm,kg,harvest,DBH,NA,NA,NA,yes,NA,NA,NA,NA,NA,NA
NA,Total aboveground biomass,exp(a+b*(DBH/DBH+c)),Species,Picea abies,Europe,NI,40,NA,cm,kg,harvest,DBH,NA,NA,NA,yes,NA,NA,NA,NA,NA,NA
NA,Total aboveground biomass,exp(a+b*(DBH/DBH+c)),Species,Fagus spp.,Europe,NI,50,NA,cm,kg,harvest,DBH,NA,NA,NA,yes,NA,NA,NA,NA,NA,NA
NA,Total aboveground biomass,exp(a+b*(DBH/DBH+c)),Species,Fagus spp.,Europe,NI,50,NA,cm,kg,harvest,DBH,NA,NA,NA,yes,NA,NA,NA,NA,NA,NA
NA,Total aboveground biomass,exp(a+b*(DBH/DBH+c)),Species,Fagus spp.,Europe,NI,50,NA,cm,kg,harvest,DBH,NA,NA,NA,yes,NA,NA,NA,NA,NA,NA
NA,Total aboveground biomass,exp(a+b*(DBH/DBH+c)),Species,Fagus spp.,Europe,NI,50,NA,cm,kg,harvest,DBH,NA,NA,NA,yes,NA,NA,NA,NA,NA,NA
NA,Total aboveground biomass,exp(a+b*(DBH/DBH+c)),Species,Picea abies,Europe,NI,40,NA,cm,kg,harvest,DBH,NA,NA,NA,yes,NA,NA,NA,NA,NA,NA
NA,Total aboveground biomass,exp(a+b*(DBH/DBH+c)),Species,Fagus spp.,Europe,NI,50,NA,cm,kg,harvest,DBH,NA,NA,NA,yes,NA,NA,NA,NA,NA,NA
NA,Total aboveground biomass,exp(a+b*(DBH/DBH+c)),Species,Fagus spp.,Europe,NI,50,NA,cm,kg,harvest,DBH,NA,NA,NA,yes,NA,NA,NA,NA,NA,NA
NA,Whole tree (above and belowground),log10biomass=a+b*(log10(DBH^c)),Species,NA,"North Carolina, Kentucky, Tennessee",30.48,88.9,26,in,lb,harvest,DBH,linear,NA,yes,no,NRA,NA,no,NA,No specific location of sampled trees is given in publication. Geographic area may be too broad.,NA
NA,Whole tree (above and belowground),log10biomass=a+b*(log10(DBH^c)),Species,NA,"North Carolina, Kentucky, Tennessee",30.48,88.9,26,in,lb,harvest,DBH,linear,NA,yes,no,NRA,NA,no,NA,No specific location of sampled trees is given in publication. Geographic area may be too broad.,NA
NA,Whole tree (above and belowground),log10biomass=a+b*(log10(DBH^c)),Species,NA,"North Carolina, Kentucky, Tennessee",30.48,88.9,26,in,lb,harvest,DBH,linear,NA,yes,no,NRA,NA,no,NA,No specific location of sampled trees is given in publication. Geographic area may be too broad.,NA
NA,Whole tree (above and belowground),log10biomass=a+b*(log10(DBH^c)),Species,NA,"North Carolina, Kentucky, Tennessee",30.48,88.9,26,in,lb,harvest,DBH,linear,NA,yes,no,NRA,NA,no,NA,No specific location of sampled trees is given in publication. Geographic area may be too broad.,NA
