ref_id,equation_allometry,equation_id,equation_form,dependent_variable_biomass_component,independent_variable,allometry_specificity,geographic_area,dbh_min_cm,dbh_max_cm,sample_size,dbh_units_original,biomass_units_original,allometry_development_method,regression_model,other_equations_tested,log_biomass,bias_corrected,bias_correction_factor,notes_fitting_model,original_data_availability,warning
jenkins_2004_cdod,10^(1.1891+1.419*(log10(dbh^2))),2060ea,10^(a+b*(log10(dbh^c))),Total aboveground biomass,DBH,Species,"Ohio, USA",0.21,5.73,NA,cm,g,harvest,NA,NA,NA,1,1.056,NA,NA,NA
jenkins_2004_cdod,10^(1.2315+1.6376*(log10(dbh^2))),a4d879,10^(a+b*(log10(dbh^c))),Total aboveground biomass,DBH,Species,"Ohio, USA",0.19,3.86,NA,cm,g,harvest,NA,NA,NA,1,1.016,NA,NA,NA
jenkins_2004_cdod,exp(7.217+1.514*log(dbh)),c59e03,exp(a+b*log(dbh)),Stem biomass (with bark),DBH,Genus,"Tennessee, USA",8.9,25.4,NA,cm,g,harvest,NA,NA,NA,1,included in model,NA,NA,NA
jenkins_2004_cdod,10^(2.5368+1.3197*(log10(dbh))),96c0af,10^(a+b*(log10(dbh))),"Branches (live, dead)",DBH,Genus,"Minessota, USA",5,45,NA,inch,g,harvest,NA,NA,NA,0,NA,NA,NA,NA
jenkins_2004_cdod,10^(2.0865+0.9449*(log10(dbh))),529234,10^(a+b*(log10(dbh))),Foliage total,DBH,Genus,"Minessota, USA",5,45,NA,inch,g,harvest,NA,NA,NA,0,NA,NA,NA,NA
jenkins_2004_cdod,exp(-2.48+2.4835*log(dbh)),ae65ed,exp(a+b*log(dbh)),Total aboveground biomass,DBH,Mixed hardwood,North America,2.5,56,NA,cm,kg,harvest,NA,NA,NA,1,0.36,NA,NA,NA
martin_1998_aban,10^(-1.326+2.762*(log10(dbh))),9c4cc9,10^(a+b*(log10(dbh))),Total aboveground biomass,DBH,Genus,"North Carolina, USA",8.2,52.3,10,cm,kg,harvest,linear,NA,1,1,1.005,NA,NA,NA
chojnacky_2014_ugbe,exp(-2.5095+2.5437*log(dbh)),7f7777,exp(a+b*log(dbh)),Total aboveground biomass,DBH,Family,North America,4,42,NA,cm,kg,harvest,NA,NA,NA,1,included in model,NA,NA,NA
jenkins_2004_cdod,exp(5.67+1.97*log(dbh)),cf733d,exp(a+b*log(dbh)),Total aboveground biomass,DBH,Species,"Ohio, USA",1.85,7.25,NA,cm,g,harvest,NA,NA,NA,0,NA,NA,NA,NA
chojnacky_2014_ugbe,exp(-2.2118+2.4133*log(dbh)),f08fff,exp(a+b*log(dbh)),Total aboveground biomass,DBH,Family,North America,3,64,NA,cm,kg,harvest,NA,NA,NA,1,included in model,NA,NA,NA
jenkins_2004_cdod,3.203+(-0.234*dbh)+0.006*(dbh^2),122ba6,a+(b*dbh)+c*(dbh^d),Whole tree (above stump),DBH,Species,"New York, USA",25,550,32,mm,kg,harvest,NA,NA,NA,0,NA,NA,0,NA
jenkins_2004_cdod,10^(1.2784+1.4248*(log10(dbh^2))),e3f3bf,10^(a+b*(log10(dbh^c))),Whole tree (above stump),DBH,Species,"Ohio, USA",0.5,6.14,40,cm,g,harvest,NA,NA,NA,1,1.015,NA,NA,NA
smith_1983_abef,38.111*(dba^2.9),76aa3c,a*(dba^b),Total aboveground biomass,DBA,Species,Canada,0.18,4.31,21,cm,g,harvest,NA,NA,NA,1,included in model,NA,NA,DBA= stem basal diameter. Use shrub function in this package
jenkins_2004_cdod,0.1632*(dbh^2.2454),c36a5b,a*(dbh^b),Total aboveground biomass,DBH,Species,"Tennessee, USA",14,43,NA,cm,kg,harvest,NA,NA,NA,0,NA,NA,NA,NA
jenkins_2004_cdod,10^(0.8306+2.7308*(log10(dbh^2))),94f593,10^(a+b*(log10(dbh^c))),Total aboveground biomass,DBH,Species,"Ohio, USA",0.42,8.53,NA,cm,g,harvest,NA,NA,NA,1,1.014,NA,NA,NA
jenkins_2004_cdod,10^(1.1468+2.363*(log10(dbh^2))),8c94e8,10^(a+b*(log10(dbh^c))),Total aboveground biomass,DBH,Species,"Ohio, USA",0.24,6.72,NA,cm,g,harvest,NA,NA,NA,1,1.006,NA,NA,NA
jenkins_2004_cdod,exp(4.89+2.3*log(dbh)),289f7c,exp(a+b*log(dbh)),Stem (wood and bark),DBH,Species,"New Hampshire, USA",1,9,NA,cm,g,harvest,NA,NA,NA,1,0,NA,NA,NA
jenkins_2004_cdod,exp(1.92+1.86*log(dbh)),b9d4fc,exp(a+b*log(dbh)),Foliage total,DBH,Species,"New Hampshire, USA",1,9,NA,cm,g,harvest,NA,NA,NA,1,0,NA,NA,NA
jenkins_2004_cdod,10^(1.1981+1.5876*(log10(dbh))),8aecca,10^(a+b*(log10(dbh))),Total aboveground biomass,DBH,Species,"Ohio, USA",0.37,6.83,NA,cm,g,harvest,NA,NA,NA,1,1.017,NA,NA,NA
jenkins_2004_cdod,2.93819*(dbh^2)^1.19746,76df22,a*(dbh^2)^b,Whole tree (above stump),DBH,Species,Southeast USA,3.81,11.94,24,inch,lbs,harvest,NA,NA,NA,1,included in model,NA,NA,NA
jenkins_2004_cdod,10^(-1.587+2.91*(log10(dbh))),e94dab,10^(a+b*(log10(dbh))),Whole tree (above stump),DBH,Species,"North Carolina, USA",10.6,57.5,10,cm,kg,harvest,NA,NA,NA,1,NA,NA,NA,NA
williams_1984_bpef,10^(1.3069+1.3593*(log10(dbh^2))),4b8afb,10^(a+b*(log10(dbh^c))),Total aboveground biomass,DBH,Species,"Ohio, USA",0.55,7.76,34,cm,g,harvest,linear,NA,1,1,1.006,NA,NA,NA
jenkins_2004_cdod,10^(1.00005+2.10621*(log10(dbh))),c70dea,10^(a+b*(log10(dbh))),Whole tree (above and belowground),DBH,Species,"North Carolina, Kentucky, Tennessee, USA",30.48,88.9,26,inch,lbs,harvest,linear,NA,1,0,NA,NA,0,No specific location of sampled trees is given in publication. Geographic area may be too broad.
clark_1986b_wvap,4.06014*(dbh^2)^1.05285,333c34,a*(dbh^2)^b,Stem (wood and bark),DBH,Species,"Southern Appalachian Mountains, (North Carolina, Georgia, USA)",14.22,25.91,9,inch,lbs,harvest,linear_multiple,NRA,1,1,included in model,"Regression equations were developed to predict green and dry weight and volume of wood and bark combined or wood alone. A logarithmic transformation (base 10) was used to obtain a relatively homogeneous variance. The procedure outlined in Draper and Smith (1981) for fitting two linear equations with a known point of intersection was used. To adjust for bias, a correction factor was computed and applied to each model by using Baskerville's (1972) procedure.",1,NA
clark_1986b_wvap,0.77201*(dbh^2)^1.41295,e9d686,a*(dbh^2)^b,Stem (wood and bark),DBH,Species,"Southern Appalachian Mountains, (North Carolina, Georgia, USA)",29.46,41.66,9,inch,lbs,harvest,linear_multiple,NRA,1,1,included in model,"Regression equations were developed to predict green and dry weight and volume of wood and bark combined or wood alone. A logarithmic transformation (base 10) was used to obtain a relatively homogeneous variance. The procedure outlined in Draper and Smith (1981) for fitting two linear equations with a known point of intersection was used. To adjust for bias, a correction factor was computed and applied to each model by using Baskerville's (1972) procedure.",1,NA
clark_1986b_wvap,0.77244*(dbh^2)^1.36853,380d95,a*(dbh^2)^b,Stem (wood and bark),DBH,Species,"Southern Appalachian Mountains, (North Carolina, Georgia, USA)",14.478,25.4,18,inch,lbs,harvest,linear_multiple,NRA,1,1,included in model,"Regression equations were developed to predict green and dry weight and volume of wood and bark combined or wood alone. A logarithmic transformation (base 10) was used to obtain a relatively homogeneous variance. The procedure outlined in Draper and Smith (1981) for fitting two linear equations with a known point of intersection was used. To adjust for bias, a correction factor was computed and applied to each model by using Baskerville's (1972) procedure.",1,NA
clark_1986b_wvap,1.40359*(dbh^2)^1.244,23ab74,a*(dbh^2)^b,Stem (wood and bark),DBH,Species,"Southern Appalachian Mountains, (North Carolina, Georgia, USA)",30.48,45.212,18,inch,lbs,harvest,linear_multiple,NRA,1,1,included in model,"Regression equations were developed to predict green and dry weight and volume of wood and bark combined or wood alone. A logarithmic transformation (base 10) was used to obtain a relatively homogeneous variance. The procedure outlined in Draper and Smith (1981) for fitting two linear equations with a known point of intersection was used. To adjust for bias, a correction factor was computed and applied to each model by using Baskerville's (1972) procedure.",1,NA
jenkins_2004_cdod,10^(1.3539+2.7308*(log10(dbh^2))),c13e0f,10^(a+b*(log10(dbh^c))),Whole tree (above stump),DBH,Species,"Ohio, USA",0.4,8.49,41,cm,g,harvest,linear,NA,1,1,1.004,NA,NA,Equation built for seedlings and saplings
clark_1986b_wvap,1.74995*(dbh^2)^1.19103,3f99ba,a*(dbh^2)^b,Stem (wood and bark),DBH,Species,"Southern Appalachian Mountains, (North Carolina, Georgia, USA)",14.22,26.67,9,inch,lbs,harvest,linear_multiple,NRA,1,1,included in model,"Regression equations were developed to predict green and dry weight and volume of wood and bark combined or wood alone. A logarithmic transformation (base 10) was used to obtain a relatively homogeneous variance. The procedure outlined in Draper and Smith (1981) for fitting two linear equations with a known point of intersection was used. To adjust for bias, a correction factor was computed and applied to each model by using Baskerville's (1972) procedure.",1,NA
jenkins_2004_cdod,0.004884*(dbh^2.094),76d19b,a*(dbh^b),Foliage total,DBH,Species,"North Central States, USA",2.5,40,NA,cm,kg,harvest,NA,NA,NA,0,NA,NA,NA,NA
jenkins_2004_cdod,0.08248*(dbh^2.468),2473f9,a*(dbh^b),Whole tree (above stump),DBH,Species,"North Central States, USA",2.5,40,NA,cm,kg,harvest,NA,NA,NA,0,NA,NA,NA,NA
chojnacky_2014_ugbe,exp(-2.047+2.3852*log(dbh)),d6be5c,exp(a+b*log(dbh)),Total aboveground biomass,DBH,Family,North America,3,66,NA,cm,kg,harvest,NA,NA,NA,1,included in model,NA,NA,NA
jenkins_2004_cdod,exp(4.5893+2.43*log(dbh)),7c72ed,exp(a+b*log(dbh)),Total aboveground biomass,DBH,Species,Eastern USA,1,55,NA,cm,g,harvest,NA,NA,NA,0,NA,NA,NA,NA
chojnacky_2014_ugbe,exp(-2.0705+2.441*log(dbh)),5edb7f,exp(a+b*log(dbh)),Total aboveground biomass,DBH,Family,North America,3,89,NA,cm,kg,harvest,NA,NA,NA,1,included in model,NA,NA,NA
jenkins_2004_cdod,3.08355*(dbh^2)^1.14915,f3e023,a*(dbh^2)^b,Total aboveground biomass,DBH,Species,Southeast USA,2.54,12.45,NA,inch,lbs,harvest,NA,NA,NA,0,NA,NA,NA,NA
ter-mikaelian_1997_befs,0.1634*(dbh^2.348),0edaff,a*(dbh^b),Total aboveground biomass,DBH,Species,"Upper Great Lakes, USA",4,32,NA,cm,kg,harvest,NA,NA,NA,1,included in model,NA,NA,NA
smith_1983_abef,51.996*(dba^2.77),28dce6,a*(dba^b),Total aboveground biomass,DBA,Species,Canada,0.12,0.69,20,cm,g,harvest,NA,NA,NA,1,included in model,NA,NA,DBA= stem basal diameter. Use shrub function in this package
jenkins_2004_cdod,exp(5.2831+2.0369*log(dbh)),21800b,exp(a+b*log(dbh)),Total aboveground biomass,DBH,Species,Eastern USA,1,55,NA,cm,g,harvest,NA,NA,NA,0,NA,NA,NA,NA
jenkins_2004_cdod,10^(1.83+2.464*(log10(dbh))),6ea81f,10^(a+b*(log10(dbh))),Total aboveground biomass,DBH,Species,"North Carolina, USA",3.5,35.6,NA,cm,g,harvest,NA,NA,NA,0,NA,NA,NA,NA
jenkins_2004_cdod,2.30252*(dbh^2)^1.25795,81397c,a*(dbh^2)^b,Whole tree (above stump),DBH,Species,Piedmont (Southeastern USA),5.84,25.4,NA,inch,lbs,harvest,NA,NA,NA,1,included in model,NA,NA,NA
jenkins_2004_cdod,2.23731*(dbh^2)^1.26394,6943b4,a*(dbh^2)^b,Whole tree (above stump),DBH,Species,Piedmont (Southeastern USA),27.94,47.75,NA,inch,lbs,harvest,NA,NA,NA,1,included in model,NA,NA,NA
smith_1983_abef,37.637*(dba^2.779),a1646f,a*(dba^b),Total aboveground biomass,DBA,Genus,"Idaho/Montana, USA",0.2,1.2,32,cm,g,harvest,NA,NA,NA,1,included in model,NA,NA,DBA= stem basal diameter. Use shrub function in this package
smith_1983_abef,43.992*(dba^2.86),b61369,a*(dba^b),Total aboveground biomass,DBA,Species,"Idaho/Montana, USA",0.3,0.9,26,cm,g,harvest,NA,NA,NA,1,included in model,NA,NA,DBA= stem basal diameter. Use shrub function in this package
jenkins_2004_cdod,10^(1.3539+1.3412*(log10(dbh^2))),2c092b,10^(a+b*(log10(dbh^c))),Whole tree (above stump),DBH,Species,"Ohio, USA",0.4,8.49,41,cm,g,harvest,linear,NA,1,1,1.004,NA,NA,Equation built for seedlings and saplings
jenkins_2004_cdod,2.17565*(dbh^2)^1.2481,8eca60,a*(dbh^2)^b,Whole tree (above stump),DBH,Genus,Piedmont (Southeastern USA),2.54,27.43,NA,inch,lbs,harvest,NA,NA,NA,1,included in model,NA,NA,NA
smith_1983_abef,29.615*(dba^3.243),5e2dea,a*(dba^b),Total aboveground biomass,DBA,Species,Canada,0.28,1.59,19,cm,g,harvest,NA,NA,NA,1,included in model,NA,NA,DBA= stem basal diameter. Use shrub function in this package
jenkins_2004_cdod,10^(2.1112+2.462*(log10(dbh))),281635,10^(a+b*(log10(dbh))),Total aboveground biomass,DBH,Species,"New Hampshire, USA",1,63,NA,cm,g,harvest,NA,NA,NA,0,NA,NA,NA,NA
jenkins_2004_cdod,2.76583*(dbh^2)^1.15849,b521bd,a*(dbh^2)^b,Whole tree (above stump),DBH,Species,"Gulf and Atlantic Coastal Plains, USA",2.54,27.69,NA,inch,lbs,harvest,NA,NA,NA,1,included in model,NA,NA,NA
jenkins_2004_cdod,1.72982*(dbh^2)^1.27422,6f6bc3,a*(dbh^2)^b,Whole tree (above stump),DBH,Species,"Gulf and Atlantic Coastal Plains, USA",28.45,50.8,NA,inch,lbs,harvest,NA,NA,NA,1,included in model,NA,NA,NA
jenkins_2004_cdod,10^(-1.236+2.635*(log10(dbh))),c48e81,10^(a+b*(log10(dbh))),Total aboveground biomass,DBH,Species,"North Carolina, USA",10.2,55.8,NA,cm,kg,harvest,NA,NA,NA,1,1.008,NA,NA,NA
jenkins_2004_cdod,2.56795*(dbh^2)^1.18685,e8ebc2,a*(dbh^2)^b,Total aboveground biomass,DBH,Species,Southeast USA,4.06,12.45,NA,inch,lbs,harvest,NA,NA,NA,0,NA,NA,NA,NA
jenkins_2004_cdod,1.57573*(dbh^2)^1.29005,73325b,a*(dbh^2)^b,Whole tree (above stump),DBH,Species,Piedmont (Southeastern USA),4.83,23.88,NA,inch,lbs,harvest,NA,NA,NA,1,included in model,NA,NA,NA
jenkins_2004_cdod,2.51502*(dbh^2)^1.19256,0a1212,a*(dbh^2)^b,Whole tree (above stump),DBH,Species,Piedmont (Southeastern USA),24.94,49.53,NA,inch,lbs,harvest,NA,NA,NA,1,included in model,NA,NA,NA
jenkins_2004_cdod,10^(1.2696+1.3889*(log10(dbh^2))),3172f7,10^(a+b*(log10(dbh^c))),Total aboveground biomass,DBH,Species,"Ohio, USA",0.68,7.49,NA,cm,g,harvest,NA,NA,NA,1,1.012,NA,NA,NA
jenkins_2004_cdod,10^(-1.266+2.613*(log10(dbh))),524aca,10^(a+b*(log10(dbh))),Total aboveground biomass,DBH,Species,"North Carolina, USA",7,63,10,cm,kg,harvest,NA,NA,NA,1,included in model,NA,NA,NA
jenkins_2004_cdod,10^(-1.283+2.685*(log10(dbh))),162ce7,10^(a+b*(log10(dbh))),Total aboveground biomass,DBH,Species,"North Carolina, USA",15,43.3,NA,cm,kg,harvest,NA,NA,NA,1,1.003,NA,NA,NA
jenkins_2004_cdod,10^(-1.587+2.91*(log10(dbh))),f21996,10^(a+b*(log10(dbh))),Total aboveground biomass,DBH,Species,"North Carolina, USA",10.6,57.5,NA,cm,kg,harvest,NA,NA,NA,1,1.013,NA,NA,NA
jenkins_2004_cdod,exp(4.9967+2.3944*log(dbh)),1d7c4c,exp(a+b*log(dbh)),Total aboveground biomass,DBH,Species,Eastern USA,2.5,55,NA,cm,g,harvest,NA,NA,NA,0,NA,NA,NA,NA
jenkins_2004_cdod,2.23*(dbh^2)^1.2153,b40702,a*(dbh^2)^b,Total aboveground biomass,DBH,Species,Southeast USA,3.3,11.94,NA,inch,lbs,harvest,NA,NA,NA,0,NA,NA,NA,NA
bridge_1979_fpom,exp(-0.34052+2.65803*log(dbh)),23ec05,exp(a+b*log(dbh)),Whole tree (above stump),DBH,Species,"Rhode Island, USA",7.62,30.48,26,inch,kg,harvest,"linear, multiple and stepwise",NA,0,0,NA,"Linear regressions for species were tested for differences in slope and level according to Freese (1967) . Differences were found to be not significant, and data were combined to produce a single regression applicable to all species.",NA,NA
chojnacky_2014_ugbe,exp(-2.4441+2.4561*log(dbh)),829bad,exp(a+b*log(dbh)),Total aboveground biomass,DBH,Family,North America,3,70,NA,cm,kg,harvest,NA,NA,NA,1,included in model,NA,NA,NA
clark_1986b_wvap,1.49368*(dbh^2)^1.22405,bebe2e,a*(dbh^2)^b,Stem (wood and bark),DBH,Species,Southeast USA,29.97,41.91,9,inch,lbs,harvest,linear_multiple,NRA,1,1,included in model,"Regression equations were developed to predict green and dry weight and volume of wood and bark combined or wood alone. A logarithmic transformation (base 10) was used to obtain a relatively homogeneous variance. The procedure outlined in Draper and Smith (1981) for fitting two linear equations with a known point of intersection was used. To adjust for bias, a correction factor was computed and applied to each model by using Baskerville's (1972) procedure.",1,NA
sneill_1983_pcwa,exp(3.8941+2.4839*log(dbh)),b45a32,exp(a+b*log(dbh)),Live crown,DBH,Species,"Washington, Oregon, N California, USA",1.5,NA,31,cm,kg,harvest,NA,NA,NA,1,included in model,NA,NA,NA
sneill_1983_pcwa,exp(5.3224+2.2936*log(dbh)),c8c6f1,exp(a+b*log(dbh)),Dead crown,DBH,Species,"Washington, Oregon, N California, USA",1.5,NA,31,cm,kg,harvest,NA,NA,NA,1,included in model,NA,NA,NA
sneill_1983_pcwa,exp(8.5385+(2.2969*log(dbh)))*645.704*1.05,785080,exp(a+(b*log(dbh)))*645.704*1.05,Stem biomass (with bark),DBH,Species,"Washington, Oregon, N California, USA",1.5,NA,31,cm,kg,harvest,NA,NA,NA,1,included in model,NA,NA,NA
halpern_1996_efpa,exp(2.025+3.527*log(dba)),3cb95a,exp(a+b*log(dba)),Total aboveground biomass,DBA,Species,"Oregon, USA",0.5,2.1,11,cm,g,harvest,NA,NA,NA,1,included in model,NA,NA,DBA= stem basal diameter. Use shrub function in this package
russell_2005_ebic,51.68+0.02*BA,c94845,a+b*BA,Total aboveground biomass,DBH,Species,"California, USA",NI,NI,NA,cm,g,harvest,NA,NA,NA,1,included in model,NA,NA,Original publication uses Basal area (BA)=Diameter of all stems measured 5 cm above ground in a 1x1m plot then sum to obtain basal area. Use shrub function in this package
means_768_NA,exp(3.67+2.847*log(dba)),6b3b2a,exp(a+b*log(dba)),Total aboveground biomass,DBA,Species,"Pacific Northwest, USA",0.6,2.5,NRA,cm,g,harvest,NA,NA,NA,1,included in model,NA,NA,DBA= stem basal diameter. Use shrub function in this package
jenkins_2004_cdod,exp(-2.5049+1.256*log(dbh)),7da4c9,exp(a+b*log(dbh)),Total aboveground biomass,DBH,Species,"Hawaii, USA",2,16,NA,cm,kg,harvest,NA,NA,NA,1,included in model,NA,NA,NA
sneill_1983_pcwa,exp(3.2304+2.2774*log(dbh)),870336,exp(a+b*log(dbh)),Live crown,DBH,Species,"Washington, Oregon, N California, USA",1.5,NA,NA,cm,kg,harvest,NA,NA,NA,1,included in model,NA,NA,NA
sneill_1983_pcwa,exp(5.1792+2.0374*log(dbh)),748d94,exp(a+b*log(dbh)),Dead crown,DBH,Species,"Washington, Oregon, N California, USA",1.5,NA,NA,cm,kg,harvest,NA,NA,NA,1,included in model,NA,NA,NA
sneill_1983_pcwa,exp(9.0717+(2.5169*log(dbh)))*419.814*1.22,5a774d,exp(a+(b*log(dbh)))*419.814*1.22,Stem biomass (with bark),DBH,Species,"Washington, Oregon, N California, USA",1.5,NA,NA,cm,kg,harvest,NA,NA,NA,1,included in model,NA,NA,NA
jenkins_2004_cdod,exp(-10.755+2.7308*log(dbh)),5ea2c1,exp(a+b*log(dbh)),Stem biomass (with bark),DBH,Species,"Pacific Northwest, USA",24.1,117.7,NA,cm,Mg,harvest,NA,NA,NA,1,included in model,NA,NA,NA
jenkins_2004_cdod,exp(-0.4282+2.1772*log(dbh)),0bdd5e,exp(a+b*log(dbh)),"Crown biomass (branches, foliage, twigs)",DBH,Species,"Rocky Mountains, USA",2.54,30.48,NA,inch,lbs,harvest,NA,NA,NA,1,included in model,NA,NA,NA
chojnacky_2014_ugbe,exp(-2.677+2.4638*log(dbh)),15b165,exp(a+b*log(dbh)),Total aboveground biomass,DBH,Genus,North America,3,180,561,cm,kg,harvest,NA,NA,NA,1,included in model,NA,NA,NA
means_301_NA,exp(4.98412+2.18584*log(dbh)),4d8e54,exp(a+b*log(dbh)),Total aboveground biomass,DBH,Species,"Oregon, USA",1.4,13.4,NA,cm,g,harvest,NA,NA,NA,0,NA,NA,NA,NA
jenkins_2004_cdod,exp(-3.9371+2.8427*log(dbh)),f94e03,exp(a+b*log(dbh)),Total aboveground biomass,DBH,Species,"Oregon, USA",10,40,NA,cm,kg,harvest,NA,NA,NA,1,included in model,NA,NA,NA
jenkins_2004_cdod,exp(4.29+2.29*log(dbh)),3e6f4d,exp(a+b*log(dbh)),Stem (wood and bark),DBH,Species,"New Hampshire, USA",1.6,10,5,cm,g,harvest,NA,NA,NA,0,included in model,NA,NA,NA
means_991_NA,exp(3.892+3.122*log(dba)),b95baf,exp(a+b*log(dba)),Total aboveground biomass,DBA,Genus,"Rocky Mountains, USA",0.4,1.4,NRA,cm,g,harvest,NA,NA,NA,1,included in model,NA,NA,DBA= stem basal diameter. Use shrub function in this package
chojnacky_2014_ugbe,exp(-2.7765+2.4195*log(dbh)),2ee3ae,exp(a+b*log(dbh)),Total aboveground biomass,DBH,Family,North America,3,614,NA,cm,kg,harvest,NA,NA,NA,1,included in model,NA,NA,NA
coltrin_2010_bqol,exp(-2.1001+2.3996*log(dbh)),8470d2,exp(a+b*log(dbh)),Total aboveground biomass,DBH,Species,"California, USA",7.6,61,14,cm,kg,harvest,least squares linear,NA,NA,1,0.2497,NA,NA,NA
means_133_NA,exp(3.6123+2.9944*log(dba)),e8f868,exp(a+b*log(dba)),Total aboveground biomass (wood and bark),DBA,Species,"Pacific Northwest, USA",0.6,3.6,NRA,cm,g,harvest,NA,NA,NA,1,included in model,NA,NA,DBA= stem basal diameter. Use shrub function in this package
jenkins_2004_cdod,0.0752*(dbh^2.497),1badac,a*(dbh^b),Whole tree (above stump),DBH,Species,"North Central States, USA",2.5,40,NA,cm,kg,harvest,NA,NA,NA,0,NA,NA,NA,NA
jenkins_2004_cdod,exp(-2.037+2.363*log(dbh)),5084bd,exp(a+b*log(dbh)),Total aboveground biomass,DBH,Species,"Wisconsin, Michigan, USA",3.1,24.6,41,cm,kg,harvest,NA,NA,NA,1,1.01,NA,NA,NA
jenkins_2004_cdod,exp(-1.721+2.334*log(dbh)),138258,exp(a+b*log(dbh)),Total aboveground biomass,DBH,Species,"Wisconsin, Michigan, USA",10,52.2,NA,cm,kg,harvest,NA,NA,NA,1,1.007,NA,NA,NA
jenkins_2004_cdod,10^(-0.9+2.52*(log10(dbh))),77e37e,10^(a+b*(log10(dbh))),Total aboveground biomass,DBH,Species,"Wisconsin, USA",7.5,23.7,NA,cm,kg,harvest,NA,NA,NA,0,NA,NA,NA,NA
chojnacky_2014_ugbe,exp(-2.5932+2.534*log(dbh)),5caff8,exp(a+b*log(dbh)),Total aboveground biomass,DBH,Family,North America,3,64,NA,cm,kg,harvest,NA,NA,NA,1,included in model,NA,NA,NA
jenkins_2004_cdod,0.08724*(dbh^2.587),382ee9,a*(dbh^b),Whole tree (above stump),DBH,Species,"North Central States, USA",2.5,40,9,cm,kg,harvest,NA,NA,NA,0,NA,NA,NA,NA
jenkins_2004_cdod,exp(-2.474+2.555*log(dbh)),d3f7ed,exp(a+b*log(dbh)),Whole tree (aboveground),DBH,Species,"North Central States, USA",3.5,26.3,21,cm,kg,harvest,NA,NA,NA,1,1.006,NA,NA,NA
jenkins_2004_cdod,0.305*(dbh^2.014),01e863,a*(dbh^b),Whole tree (above stump),DBH,Species,"Wisconsin, USA",12.9,30,NA,cm,kg,harvest,NA,NA,NA,0,NA,NA,NA,NA
jenkins_2004_cdod,0.0777*(dbh^2.472),bce95d,a*(dbh^b),Whole tree (above stump),DBH,Species,"Minessota, USA",1.1,32.6,NA,cm,kg,harvest,NA,NA,NA,0,NA,NA,NA,NA
jenkins_2004_cdod,0.153*(dbh^2.248),1d3182,a*(dbh^b),Whole tree (above stump),DBH,Species,"Minessota, USA",1.4,23.4,NA,cm,kg,harvest,NA,NA,NA,0,NA,NA,NA,NA
jenkins_2004_cdod,9.1583+(-0.4291*dbh)+0.005799*(dbh^2),ecd464,a+(b*dbh)+c*(dbh ^ d),Whole tree (above stump),DBH,Genus,"New York, USA",2.5,55,31,mm,kg,harvest,NA,NA,NA,0,0,NA,NA,NA
jenkins_2004_cdod,10^(-0.685+2.249*(log10(dbh))),687843,10^(a+b*(log10(dbh))),Total aboveground biomass,DBH,Species,"Wisconsin, USA",14.7,39.7,NA,cm,kg,harvest,NA,NA,NA,0,NA,NA,NA,NA
jenkins_2004_cdod,exp(-2.972-0.017*dbh+2.873*(log(dbh))),82e78c,exp(a+b*dbh+c*(log(dbh))),Total aboveground biomass,DBH,Species,"Wisconsin, USA",2.8,69.5,NA,cm,kg,harvest,NA,NA,NA,1,1.05,NA,NA,NA
jenkins_2004_cdod,0.091*(dbh^2.234),c078ca,a*(dbh^b),Whole tree (above stump),DBH,Species,"North Central States, USA",2.5,40,NA,cm,kg,harvest,NA,NA,NA,0,NA,NA,NA,NA
jenkins_2004_cdod,exp(6.9159+0.7003*log(dbh)),1d44c6,exp(a+b*log(dbh)),Total aboveground biomass,DBH,Species,"Maine, USA",0.1,2.54,NA,inch,g,harvest,NA,NA,NA,0,NA,NA,NA,NA
jenkins_2004_cdod,10^(3.779+2.473*(log10(dbh))),b570d4,10^(a+b*(log10(dbh))),Whole tree (above stump),DBH,Species,"Bristish Columbia, Canada",31,90.4,NA,cm,kg,harvest,NA,NA,NA,0,NA,NA,NA,NA
jenkins_2004_cdod,0.62+(0*dbh)+0.8024*(dbh^2)+0.1724*(dbh^3),cab5a8,a+(b*dbh)+c*(dbh^2)+d*(dbh^3),Stem biomass (with bark),DBH,Species,"Rocky Mountains, USA",0,10.16,12,inch,lbs,harvest,NA,NA,NA,0,NA,NA,NA,NA
jenkins_2004_cdod,exp(1.0152+1.6839*log(dbh)),6b7404,exp(a+b*log(dbh)),"Crown biomass (branches, foliage, twigs)",DBH,Species,"Rocky Mountains, USA",2.54,30.48,15,inch,lbs,harvest,NA,NA,NA,0,NA,NA,NA,NA
means_28_NA,exp(2.7261+2.3324*log(dbh)),171b02,exp(a+b*log(dbh)),Branches (live),DBH,Species,"West Cascades, USA",18.8,111,26,cm,g,harvest,NA,NA,NA,1,included in model,NA,NA,NA
means_27_NA,exp(2.03496+2.1683*log(dbh)),23a23d,exp(a+b*log(dbh)),Foliage total,DBH,Species,"West Cascades, USA",18.8,111,25,cm,g,harvest,NA,NA,NA,0,NRA,NA,0,Unable to extract correction factor from original publication
means_253_NA,exp(3.892752+2.5812*log(dbh)),677eda,exp(a+b*log(dbh)),Stem biomass (with bark),DBH,Species,"West Cascades, USA",15.9,235.5,310,cm,g,harvest,NA,NA,NA,1,included in model,NA,NA,NA
means_20_NA,exp(2.0791+2.5585*log(dbh)),51f4e4,exp(a+b*log(dbh)),Branches (live),DBH,Genus,North America,8.7,111,NA,cm,g,harvest,NA,NA,NA,NA,NRA,NA,0,Unable to extract correction factor from original publication
means_19_NA,exp(3.4416+1.9278*log(dbh)),61f888,exp(a+b*log(dbh)),Foliage total,DBH,Genus,North America,8.7,111,NA,cm,g,harvest,NA,NA,NA,NA,NRA,NA,0,Unable to extract correction factor from original publication
means_22_NA,exp(0.716+2.8796*log(dbh)),2d2a14,exp(a+b*log(dbh)),Stem bark biomass,DBH,Genus,North America,8.7,111,NA,cm,g,harvest,NA,NA,NA,NA,NRA,NA,0,Unable to extract correction factor from original publication
means_21_NA,exp(3.1689+2.6825*log(dbh)),7afe68,exp(a+b*log(dbh)),Stem biomass (without bark),DBH,Genus,North America,8.7,111,NA,cm,g,harvest,NA,NA,NA,NA,NRA,NA,0,Unable to extract correction factor from original publication
jenkins_2004_cdod,exp(7.2723+1.4835*log(dbh)),678f25,exp(a+b*log(dbh)),Total aboveground biomass,DBH,Species,"North Central States, USA",0.1,2.54,NA,inch,g,harvest,NA,NA,NA,0,NA,NA,NA,NA
jenkins_2004_cdod,exp(5.13118+2.15046*log(dbh)),b9ebe4,exp(a+b*log(dbh)),Whole tree (above stump),DBH,Species,"Oregon, USA",1.7,13.2,NA,cm,g,harvest,NA,NA,NA,0,NA,NA,NA,NA
means_767_NA,exp(3.769+3.033*log(dba)),b9b3b0,exp(a+b*log(dba)),Total aboveground biomass,DBA,Species,"Rocky Mountains, USA",0.7,2.2,NRA,cm,g,harvest,NA,NA,NA,1,included in model,NA,NA,DBA= stem basal diameter. Use shrub function in this package
chojnacky_2014_ugbe,exp(-2.6177+2.4638*log(dbh)),90c207,exp(a+b*log(dbh)),Total aboveground biomass,DBH,Genus,North America,3,180,NA,cm,kg,harvest,NA,NA,NA,1,included in model,NA,NA,NA
means_1107_NA,exp(2.855+2.334*log(dba)),e7bf91,exp(a+b*log(dba)),Total aboveground biomass,DBA,Species,"West Cascades, USA",0.1,1.1,NRA,cm,g,harvest,NA,NA,NA,1,included in model,NA,NA,DBA= stem basal diameter. Use shrub function in this package
chojnacky_2014_ugbe,exp(-2.6327+2.4757*log(dbh)),c8f882,exp(a+b*log(dbh)),Total aboveground biomass,DBH,Family,North America,3,109,55,cm,kg,harvest,NA,NA,NA,1,included in model,NA,NA,NA
jenkins_2004_cdod,exp(3.34884+2.45446*log(dbh)),19bb04,exp(a+b*log(dbh)),Total aboveground biomass,DBH,Species,"Pacific Northwest, USA",0.18,2.23,NA,cm,g,harvest,NA,NA,NA,0,NA,NA,NA,NA
jenkins_2004_cdod,exp(-3463.8+1083.9*log(dbh)),dc04c7,exp(a+b*log(dbh)),Total aboveground biomass,DBH,Species,"Pacific Northwest, USA",4.2,7,NA,cm,g,harvest,NA,NA,NA,0,NA,NA,NA,NA
jenkins_2004_cdod,10^(3.68+2.135*(log10(dbh))),e3edf1,10^(a+b*(log10(dbh))),Whole tree (above stump),DBH,Species,"Bristish Columbia, Canada",16,49,8,cm,kg,harvest,NA,NA,NA,0,NA,NA,NA,NA
means_187_NA,exp(3.761+2.37498*log(dba)),12104c,exp(a+b*log(dba)),Total aboveground biomass,DBA,Species,"Oregon, Washington, USA",0.4,3.3,NRA,cm,g,harvest,NA,NA,NA,1,included in model,NA,NA,DBA= stem basal diameter. Use shrub function in this package
fenn_2014_tcco,exp(-5.41227+(2.491767*(log(pi*dbh)))),fc521f,exp(a+(b*(log(pi*dbh)))),Total aboveground biomass,DBH,Woody species,Northern England,NI,NI,NA,cm,kg,harvest,linear,NA,NA,1,included in model,NA,NA,NA
fenn_2014_tcco,exp(-5.644074+(2.5189*(log(pi*dbh)))),f49bcb,exp(a+(b*(log(pi*dbh)))),Total aboveground biomass,DBH,Species,Northern England,11.5,96.5,NA,cm,kg,harvest,linear,NA,NA,1,included in model,NA,NA,NA
fenn_2014_tcco,exp(-5.308133+(2.4882*(log(pi*dbh)))),7bb5bd,exp(a+(b*(log(pi*dbh)))),Total aboveground biomass,DBH,Species,Northern England,9,104,NA,cm,kg,harvest,linear,NA,NA,1,included in model,NA,NA,NA
fenn_2014_tcco,exp(-5.284602+(2.4682*(log(pi*dbh)))),d635f1,exp(a+(b*(log(pi*dbh)))),Total aboveground biomass,DBH,Species,Northern England,14,162.5,NA,cm,kg,harvest,linear,NA,NA,1,included in model,NA,NA,NA
means_380_NA,exp(3.011904+2.7727*log(dbh)),7aaa22,exp(a+b*log(dbh)),Stem biomass (with bark),DBH,Species,"Pacific Northwest, USA",14.4,158.4,56,cm,g,harvest,NA,NA,NA,0,NA,NA,NA,NA
westman_1998_absa,exp(4.36982+2.5043*log(dbh)),1b9161,exp(a+b*log(dbh)),Total aboveground biomass,DBH,Species,"California, USA",7,98,NA,cm,g,harvest,NA,NA,NA,1,1.014,NA,NA,NA
jenkins_2004_cdod,exp(-10.7955+2.759*log(dbh)),f2943e,exp(a+b*log(dbh)),Stem biomass (with bark),DBH,Species,"Pacific Northwest, USA",18.8,143.2,NA,cm,Mg,harvest,NA,NA,NA,0,NA,NA,NA,NA
means_736_NA,exp(3.3186+2.6846*log(dba)),014bb7,exp(a+b*log(dba)),Total aboveground biomass,DBA,Species,"Oregon, Washington, USA",0.4,11.5,NRA,cm,g,harvest,NA,NA,NA,1,included in model,NA,NA,DBA= stem basal diameter. Use shrub function in this package
jenkins_2004_cdod,exp(-11.7031+2.7818*log(dbh)),7992d5,exp(a+b*log(dbh)),Stem biomass (with bark),DBH,Species,"Pacific Northwest, USA",25,143.9,NA,cm,Mg,harvest,NA,NA,NA,1,included in model,NA,NA,NA
means_740_NA,exp(3.5247+2.2043*log(dba)),604854,exp(a+b*log(dba)),Total aboveground biomass,DBA,Species,"Pacific Northwest, USA",0.3,11.7,NRA,cm,g,harvest,NA,NA,NA,1,included in model,NA,NA,DBA= stem basal diameter. Use shrub function in this package
means_784_NA,exp(3.6471+2.532*log(dba)),a1cfac,exp(a+b*log(dba)),Total aboveground biomass,DBA,Species,"Pacific Northwest, USA",0.3,6.5,NRA,cm,g,harvest,NA,NA,NA,1,included in model,NA,NA,DBA= stem basal diameter. Use shrub function in this package
lutz_2014_ccaa,exp(5.965+1.469*log(dbh)),398df4,exp(a+b*log(dbh)),Total aboveground biomass,DBH,Species,"California, USA",0.8,13,40,cm,kg,harvest,NA,NA,NA,1,0.102,NA,NA,NA
lutz_2014_ccaa,exp(5.089+1.883*log(dbh)),3b860c,exp(a+b*log(dbh)),Total aboveground biomass,DBH,Species,"California, USA",0.9,5.7,41,cm,kg,harvest,NA,NA,NA,1,0.124,NA,NA,NA
lutz_2014_ccaa,exp(2.749+2.306*log(dba)),969226,exp(a+b*log(dba)),Total aboveground biomass,DBA,Species,"California, USA",0.5,2.6,40,cm,kg,harvest,NA,NA,NA,1,0.165,NA,NA,DBA= stem basal diameter. Use shrub function in this package
muukkonen_2007_gava,exp(-1.694+10.825*(dbh/(dbh+11.816))),e44bb9,exp(a+b*(dbh/(dbh+c))),Total aboveground biomass,DBH,Species,Europe,NI,40,144,cm,kg,harvest,NA,NA,NA,1,NA,NA,NA,NA
muukkonen_2007_gava,exp(0.006+10.933*(dbh/(dbh+21.216))),7b7468,exp(a+b*(dbh/(dbh+c))),Total aboveground biomass,DBH,Genus,Europe,NI,50,240,cm,kg,harvest,NA,NA,NA,1,NA,NA,NA,NA
means_323_NA,exp(4.070762+2.4028*log(dbh)),b30744,exp(a+b*log(dbh)),Stem biomass (with bark),DBH,Species,"Rocky Mountains, USA",15.6,68.7,NA,cm,g,harvest,NA,NA,NA,NA,NRA,NA,NA,NA
chojnacky_2014_ugbe,exp(-3.1774+2.6426*log(dbh)),74dd65,exp(a+b*log(dbh)),Total aboveground biomass,DBH,Genus,North America,3,236,221,cm,kg,harvest,NA,NA,NA,0,NA,NA,NA,NA
chojnacky_1984_vabf,0.0104*(dbh^2.7105),998abf,a*(dbh^b),Total aboveground biomass,DBH,Species,"Nevada, USA",5,55.8,52,cm,kg,harvest,NA,NA,NA,0,NA,NA,NA,NA
jenkins_2004_cdod,(-36.94)+0.42*(dbh^2),9f4b7d,a+(b*dbh)+c*(dbh^d),Total aboveground biomass,DBH,Species,"Colorado, USA",4,76,29,cm,kg,harvest,NA,NA,NA,0,NA,NA,NA,NA
chojnacky_2014_ugbe,exp(-3.03+2.5567*log(dbh)),57488c,exp(a+b*log(dbh)),Total aboveground biomass,DBH,Genus,North America,3,283,128,cm,kg,harvest,NA,NA,NA,0,NA,NA,NA,NA
jenkins_2004_cdod,exp(3.63+2.54*log(dbh)),4b4063,exp(a+b*log(dbh)),Total aboveground biomass,DBH,Species,"Alaska, USA",1.5,13,18,cm,g,harvest,NA,NA,NA,0,NA,NA,NA,NA
chojnacky_2014_ugbe,exp(-2.1364+2.3233*log(dbh)),8.91E+12,exp(a+b*log(dbh)),Total aboveground biomass,DBH,Genus,North America,3,72,289,cm,kg,harvest,NA,NA,NA,0,NA,NA,NA,NA
grier_1992_bdap,1.468+2.582*(log10((dbh+3.033)/0.9823)),da0e89,a+b*(log10(dbh)),Total aboveground biomass,DBH,Species,"Arizona, USA",5,45,15,cm,kg,harvest,NA,NA,NA,0,included in model,NA,NA,"Original biomass equation uses drc (diameter root collar). Chojnacky & Rogers, 1999 equation converts dcr to dbh [dbh=a+b*drc+c+d+e*drc]  where coefficients are: a=-6.818, b=1.0222, c=1.8879, d=1.8971, e=-0.0399.  We rewrote Chojnaky's equation to convert dbh to dcr [dcr=(dbh-a-b-c)/(b+e] or [dcr=dbh+3.033/0.9823] "
gower_1992_cdor,10^(-1.024+2.416*(log10(dbh))),48557b,10^(a+b*(log10(dbh))),Stem biomass (without bark),DBH,Species,"New Mexico, USA",2.7,27.5,10,cm,kg,harvest,NA,NA,NA,1,1.014,NA,NA,NA
gower_1992_cdor,10^(-1.234+2.128*(log10(dbh))),697035,10^(a+b*(log10(dbh))),Stem bark biomass,DBH,Species,"New Mexico, USA",2.7,27.5,10,cm,kg,harvest,NA,NA,NA,1,0.004,NA,NA,NA
gower_1992_cdor,10^(-2.336+2.650*(log10(dbh))),9a977b,10^(a+b*(log10(dbh))),"Branches (live, dead)",DBH,Species,"New Mexico, USA",2.7,27.5,14,cm,kg,harvest,NA,NA,NA,1,0.088,NA,NA,NA
gower_1992_cdor,10^(-2.347+2.478*(log10(dbh))),a59bd5,10^(a+b*(log10(dbh))),Foliage total,DBH,Species,"New Mexico, USA",2.7,27.5,14,cm,kg,harvest,NA,NA,NA,1,1.053,NA,NA,NA
chojnacky_1993_cwvt,exp(-0.86896+1.652882*log(dbh)),ecef00,exp(a+b*log(dbh)),Total aboveground biomass,DBH,Species,"Nevada, USA",3,112,105,cm,kg,harvest,NA,NA,NA,0,NA,NA,NA,NA
jenkins_2004_cdod,0.1231*(dbh^2.242),aeebe9,a*(dbh^b),Total aboveground biomass,DBH,Species,"Utah, USA",3,36,20,cm,kg,harvest,NA,NA,NA,1,1.046,NA,NA,NA
baskerville_1966_dmpi,exp(0.15+2.48*log(dbh)),e2c7c7,exp(a+b*(log(dbh)),Total aboveground biomass,DBH,Species,"New Brunswick, Canada",2.54,25.4,13,inch,lbs,harvest,NA,NA,NA,0,0,NA,NA,NA
yarie_2007_abef,(-16809+2656.482*dbh+248.416*dbh^2),686376,a+b*dbh+c*dbh^2,Total aboveground biomass,DBH,Species,"Alaska, USA",3.7,32.7,37,cm,g,harvest,NA,NA,NA,NA,NA,NA,NA,NA
bond-lamberty_2002_aabb,10^(2.648+0.715*(log10(dbh))),726f1d,10^(a+b*(log10(dbh))),Total aboveground biomass,DBH,Species,"Manitoba, Canada",0.2,2,7,cm,g,harvest,NA,NA,NA,1,1.027,NA,NA,NA
singh_1984_befs,7.06302-(3.01775*dbh)+(0.48754*dbh^2)-(0.003298*dbh^3),a5d599,a+(b*dbh)+c*(dbh^2)+d*(dbh^3),Total aboveground biomass,DBH,Species,"Northwest Territory, Canada",5,35,56,cm,kg,harvest,NA,NA,NA,0,0,NA,NA,NA
singh_1984_befs,36.56038-(10.62749*dbh)+(0.93837*dbh^2)-(0.01032*dbh^3),ae60e9,a+(b*dbh)+c*(dbh^2)+d*(dbh^3),Total aboveground biomass,DBH,Species,"Northwest Territory, Canada",5,35,61,cm,kg,harvest,NA,NA,NA,0,0,NA,NA,NA
bond-lamberty_2002_aabb,10^(3.011+1.202*(log10(dbh)+(-0.018*AGE)+0.011*(log10(dbh))*AGE)),2a6b9b,10^(a+b*(log10(dbh)+(c*AGE)+(d*log10(dbh)*AGE)),Total aboveground biomass,"DBH, AGE",Species,"Manitoba, Canada",0.5,17,40,cm,g,harvest,NA,NA,NA,1,1.057,NA,NA,Need stand age!
singh_1984_befs,1.51752-(0.9688*dbh)+(0.29833*dbh^2)+(0.00092*dbh^3),b47d78,a+(b*dbh)+c*(dbh^2)+d*(dbh^3),Total aboveground biomass,DBH,Species,"Northwest Territory, Canada",5,35,51,cm,kg,harvest,NA,NA,NA,0,0,NA,NA,NA
bond-lamberty_2002_aabb,10^(2.889+0.789*(log10(dbh)+(-0.014*AGE)+0.025*(log10(dbh))*AGE)),7901c0,10^(a+b*(log10(dbh)+(c*AGE)+(d*log10(dbh)*AGE)),Total aboveground biomass,"DBH, AGE",Species,"Manitoba, Canada",0.3,17,46,cm,g,harvest,NA,NA,NA,1,1.032,NA,NA,Need stand age!
singh_1984_befs,(-95.54713)+(21.16062*dbh)-1.04327*(dbh^2)+0.02434*(dbh^3),a5de78,a+(b*dbh)+c*(dbh^2)+d*(dbh^3),Total aboveground biomass,DBH,Species,"Northwest Territory, Canada",5,35,56,cm,kg,harvest,NA,NA,NA,0,0,NA,NA,NA
bond-lamberty_2002_aabb,10^(2.481+1.19*(log10(dbh))),390a5a,10^(a+b*(log10(dbh))),Total aboveground biomass,DBH,Genus,"Manitoba, Canada",0.3,1,10,cm,g,harvest,NA,NA,NA,1,1.121,NA,NA,NA
he_2018_daef,49.52*(dba^2.027),a3a86f,a*(dba^b),Total aboveground biomass,DBA,Genus,"Alberta, Canada",0.31,1.37,25,cm,g,harvest,ordinary least squares,mixed model,NA,1,NA,NA,NA,DBA= stem basal diameter. Use shrub function in this package
he_2018_daef,44.06*(dba^2.395),1f17bb,a*(dba^b),Total aboveground biomass,DBA,Genus,"Alberta, Canada",0.64,5.7,27,cm,g,harvest,ordinary least squares,mixed model,NA,1,NA,NA,NA,DBA= stem basal diameter. Use shrub function in this package
bohn_2014_ocai,exp((1.029*(log(dbh)-3.717))*(2*3.204+(log(dbh)-3.717))/(3.204+(log(dbh)-3.717))),e57b77,exp((a*(dbh-c))*(2*b+(dbh-c))/(b+(dbh-c))),Total aboveground biomass,DBH,Genus,Northern Germany,NRA,NRA,NRA,cm,metric_ton,harvest?,NA,NA,NA,NA,NA,NA,NA,NA
bohn_2014_ocai,exp((1.185*(log(dbh)-3.676))*(2*5.657+(log(dbh)-3.676))/(5.657+(log(dbh)-3.676))),307ec5,exp((a*(dbh-c))*(2*b+(dbh-c))/(b+(dbh-c))),Total aboveground biomass,DBH,Genus,Northern Germany,NRA,NRA,NRA,cm,metric_ton,harvest?,NA,NA,NA,NA,NA,NA,NA,NA
bohn_2014_ocai,exp((1.202*(log(dbh)-3.475))*(2*5.727+(log(dbh)-3.475))/(5.727+(log(dbh)-3.475))),9f138f,exp((a*(dbh-c))*(2*b+(dbh-c))/(b+(dbh-c))),Total aboveground biomass,DBH,Genus,Northern Germany,NRA,NRA,NRA,cm,metric_ton,harvest?,NA,NA,NA,NA,NA,NA,NA,NA
bohn_2014_ocai,exp((1.151*(log(dbh)-3.586))*(2*5.187+(log(dbh)-3.586))/(5.187+(log(dbh)-3.586))),6a7382,exp((a*(dbh-c))*(2*b+(dbh-c))/(b+(dbh-c))),Total aboveground biomass,DBH,Genus,Northern Germany,NRA,NRA,NRA,cm,metric_ton,harvest?,NA,NA,NA,NA,NA,NA,NA,NA
bohn_2014_ocai,exp((1.192*(log(dbh)-3.534))*(2*5.957+(log(dbh)-3.534))/(5.957+(log(dbh)-3.534))),9e3b6a,exp((a*(dbh-c))*(2*b+(dbh-c))/(b+(dbh-c))),Total aboveground biomass,DBH,Genus,Northern Germany,NRA,NRA,NRA,cm,metric_ton,harvest?,NA,NA,NA,NA,NA,NA,NA,NA
bohn_2014_ocai,exp((1.091*(log(dbh)-3.671))*(2*6.394+(log(dbh)-3.671))/(6.394+(log(dbh)-3.671))),e42e41,exp((a*(dbh-c))*(2*b+(dbh-c))/(b+(dbh-c))),Total aboveground biomass,DBH,Genus,Northern Germany,NRA,NRA,NRA,cm,metric_ton,harvest?,NA,NA,NA,NA,NA,NA,NA,NA
bohn_2014_ocai,exp((1.266*(log(dbh)-3.809))*(2*5.636+(log(dbh)-3.809))/(5.636+(log(dbh)-3.809))),786b7c,exp((a*(dbh-c))*(2*b+(dbh-c))/(b+(dbh-c))),Total aboveground biomass,DBH,Genus,Northern Germany,NRA,NRA,NRA,cm,metric_ton,harvest?,NA,NA,NA,NA,NA,NA,NA,NA
jansen_1996,(dbh^1.54291)*(h^1.24235)*(2.71828^-2.66506),c2b3e3,(dbh^a)*(h^b)*(e^c),Total aboveground biomass,DBH,Genus,Netherland,NRA,NRA,NRA,cm,kg,harvest?,NA,NA,NA,NA,NA,NA,NA,NA
jansen_1996,(dbh^1.86116)*(h^1.04313)*(2.71828^-3.05257),bf5b8e,(dbh^a)*(h^b)*(e^c),Total aboveground biomass,DBH,Species,Netherland,NRA,NRA,NRA,cm,kg,harvest?,NA,NA,NA,NA,NA,NA,NA,NA
jansen_1996,(dbh^1.77681)*(h^1.14282)*(2.71828^-3.07536),448bdf,(dbh^a)*(h^b)*(e^c),Total aboveground biomass,DBH,Genus,Netherland,NRA,NRA,NRA,cm,kg,harvest?,NA,NA,NA,NA,NA,NA,NA,NA
jansen_1996,(dbh^1.870775)*(h^1.00616)*(2.71828^-2.8748),c3587c,(dbh^a)*(h^b)*(e^c),Total aboveground biomass,DBH,Genus,Netherland,NRA,NRA,NRA,cm,kg,harvest?,NA,NA,NA,NA,NA,NA,NA,NA
jansen_1996,(dbh^1.82075)*(h^1.07427)*(2.71828^-2.88085),becaf9,(dbh^a)*(h^b)*(e^c),Total aboveground biomass,DBH,Species,Netherland,NRA,NRA,NRA,cm,kg,harvest?,NA,NA,NA,NA,NA,NA,NA,NA
jansen_1996,(dbh^1.90053)*(h^0.80726)*(2.71828^-2.43151),99d03e,(dbh^a)*(h^b)*(e^c),Total aboveground biomass,DBH,Species,Netherland,NRA,NRA,NRA,cm,kg,harvest?,NA,NA,NA,NA,NA,NA,NA,NA
jansen_1996,(dbh^1.82628)*(h^1.11342)*(2.71828^-3.04885),12b2a9,(dbh^a)*(h^b)*(e^c),Total aboveground biomass,DBH,Genus,Netherland,NRA,NRA,NRA,cm,kg,harvest?,NA,NA,NA,NA,NA,NA,NA,NA
jansen_1996,(dbh^1.83932)*(h^0.9724)*(2.71828^-2.71877),6dd993,(dbh^a)*(h^b)*(e^c),Total aboveground biomass,DBH,Species,Netherland,NRA,NRA,NRA,cm,kg,harvest?,NA,NA,NA,NA,NA,NA,NA,NA
